date,state,positive_raw,positive,total
2020-01-22,Україна,0,0,1
2020-01-27,Україна,0,0,1
2020-01-29,Україна,0,0,3
2020-01-31,Україна,0,0,1
2020-02-10,Україна,0,0,1
2020-02-12,Україна,0,0,2
2020-02-22,Україна,0,0,1
2020-02-23,Україна,0,0,2
2020-02-24,Україна,0,0,3
2020-02-25,Україна,0,0,2
2020-02-27,Україна,0,0,1
2020-02-28,Україна,0,0,4
2020-02-29,Україна,0,0,1
2020-03-01,Україна,0,0,1
2020-03-02,Україна,1,1,1
2020-03-03,Україна,0,0,2
2020-03-04,Україна,1,1,10
2020-03-05,Україна,0,0,1
2020-03-06,Україна,1,1,5
2020-03-07,Україна,1,1,3
2020-03-08,Україна,0,0,2
2020-03-09,Україна,0,0,2
2020-03-10,Україна,0,0,9
2020-03-11,Україна,0,0,2
2020-03-12,Україна,2,2,10
2020-03-13,Україна,1,1,26
2020-03-14,Україна,3,3,19
2020-03-15,Україна,3,3,20
2020-03-16,Україна,0,0,48
2020-03-17,Україна,7,7,55
2020-03-18,Україна,2,2,88
2020-03-19,Україна,11,11,82
2020-03-20,Україна,26,26,123
2020-03-21,Україна,13,13,119
2020-03-22,Україна,9,9,113
2020-03-23,Україна,22,22,130
2020-03-24,Україна,34,34,177
2020-03-25,Україна,53,53,159
2020-03-26,Україна,73,73,258
2020-03-27,Україна,74,74,336
2020-03-28,Україна,107,107,280
2020-03-29,Україна,77,77,251
2020-03-30,Україна,80,80,457
2020-03-31,Україна,133,133,557
2020-04-01,Україна,158,158,577
2020-04-02,Україна,122,122,566
2020-04-03,Україна,148,148,624
2020-04-04,Україна,161,161,434
2020-04-05,Україна,100,100,306
2020-04-06,Україна,184,184,636
2020-04-07,Україна,158,158,745
2020-04-08,Україна,288,288,842
2020-04-09,Україна,256,256,846
2020-04-10,Україна,407,407,1037
2020-04-11,Україна,343,343,767
2020-04-12,Україна,201,201,471
2020-04-13,Україна,282,282,850
2020-04-14,Україна,405,405,1223
2020-04-15,Україна,463,463,1187
2020-04-16,Україна,539,539,1154
2020-04-17,Україна,393,393,1135
2020-04-18,Україна,375,375,751
2020-04-19,Україна,280,280,439
2020-04-20,Україна,417,417,789
2020-04-21,Україна,434,434,1027
2020-04-22,Україна,600,600,1433
2020-04-23,Україна,387,387,1337
2020-04-24,Україна,552,552,1460
2020-04-25,Україна,487,487,892
2020-04-26,Україна,330,330,604
2020-04-27,Україна,426,426,1201
2020-04-28,Україна,470,470,1248
2020-04-29,Україна,519,519,1210
2020-04-30,Україна,487,487,1255
2020-05-01,Україна,470,470,714
2020-05-02,Україна,484,484,672
2020-05-03,Україна,403,403,540
2020-05-04,Україна,411,411,1080
2020-05-05,Україна,527,527,1392
2020-05-06,Україна,512,512,1250
2020-05-07,Україна,543,543,1324
2020-05-08,Україна,513,513,1193
2020-05-09,Україна,539,539,781
2020-05-10,Україна,378,378,551
2020-05-11,Україна,350,350,474
2020-05-12,Україна,456,456,1045
2020-05-13,Україна,407,407,1234
2020-05-14,Україна,495,495,1236
2020-05-15,Україна,511,511,1217
2020-05-16,Україна,443,443,710
2020-05-17,Україна,236,236,452
2020-05-18,Україна,290,290,954
2020-05-19,Україна,364,364,1152
2020-05-20,Україна,464,464,1048
2020-05-21,Україна,410,410,1246
2020-05-22,Україна,459,459,1093
2020-05-23,Україна,321,321,819
2020-05-24,Україна,279,279,475
2020-05-25,Україна,363,363,978
2020-05-26,Україна,382,382,941
2020-05-27,Україна,440,440,1101
2020-05-28,Україна,550,550,1061
2020-05-29,Україна,472,472,1083
2020-05-30,Україна,422,422,757
2020-05-31,Україна,271,271,444
2020-06-01,Україна,411,411,839
2020-06-02,Україна,531,531,1068
2020-06-03,Україна,536,536,1118
2020-06-04,Україна,581,581,1111
2020-06-05,Україна,507,507,1004
2020-06-06,Україна,518,518,692
2020-06-07,Україна,387,387,605
2020-06-08,Україна,401,401,551
2020-06-09,Україна,597,597,930
2020-06-10,Україна,772,772,1186
2020-06-11,Україна,690,690,1300
2020-06-12,Україна,647,647,1280
2020-06-13,Україна,685,685,842
2020-06-14,Україна,575,575,769
2020-06-15,Україна,634,634,1086
2020-06-16,Україна,809,809,1225
2020-06-17,Україна,854,854,1189
2020-06-18,Україна,823,823,1201
2020-06-19,Україна,929,929,1274
2020-06-20,Україна,627,627,848
2020-06-21,Україна,570,570,636
2020-06-22,Україна,955,955,1367
2020-06-23,Україна,961,961,1329
2020-06-24,Україна,930,930,1366
2020-06-25,Україна,1103,1103,1426
2020-06-26,Україна,1182,1182,1335
2020-06-27,Україна,772,772,890
2020-06-28,Україна,790,790,581
2020-06-29,Україна,514,514,809
2020-06-30,Україна,871,871,1158
2020-07-01,Україна,924,924,1242
2020-07-02,Україна,950,950,1174
2020-07-03,Україна,866,866,1285
2020-07-04,Україна,616,616,778
2020-07-05,Україна,630,656,560
2020-07-06,Україна,632,689,1005
2020-07-07,Україна,743,908,1092
2020-07-08,Україна,430,786,927
2020-03-12,Вінницька,0,0,1
2020-03-15,Вінницька,0,0,1
2020-03-16,Вінницька,0,0,1
2020-03-17,Вінницька,0,0,3
2020-03-18,Вінницька,0,0,2
2020-03-19,Вінницька,0,0,3
2020-03-20,Вінницька,0,0,4
2020-03-21,Вінницька,0,0,2
2020-03-22,Вінницька,0,0,2
2020-03-23,Вінницька,0,0,2
2020-03-24,Вінницька,0,0,4
2020-03-25,Вінницька,1,1,3
2020-03-26,Вінницька,11,11,18
2020-03-27,Вінницька,3,3,9
2020-03-28,Вінницька,7,7,23
2020-03-29,Вінницька,0,0,1
2020-03-30,Вінницька,13,13,15
2020-03-31,Вінницька,14,14,28
2020-04-01,Вінницька,4,4,11
2020-04-02,Вінницька,7,7,5
2020-04-03,Вінницька,5,5,11
2020-04-04,Вінницька,8,8,12
2020-04-05,Вінницька,0,0,1
2020-04-06,Вінницька,6,6,16
2020-04-07,Вінницька,9,9,21
2020-04-08,Вінницька,14,14,17
2020-04-09,Вінницька,17,17,38
2020-04-10,Вінницька,33,33,41
2020-04-11,Вінницька,42,42,42
2020-04-12,Вінницька,0,0,10
2020-04-13,Вінницька,18,18,32
2020-04-14,Вінницька,30,30,39
2020-04-15,Вінницька,38,38,47
2020-04-16,Вінницька,17,17,22
2020-04-17,Вінницька,22,22,37
2020-04-18,Вінницька,11,11,11
2020-04-19,Вінницька,0,0,0
2020-04-20,Вінницька,8,8,13
2020-04-21,Вінницька,12,12,19
2020-04-22,Вінницька,9,9,26
2020-04-23,Вінницька,13,13,18
2020-04-24,Вінницька,9,9,15
2020-04-25,Вінницька,7,7,8
2020-04-26,Вінницька,11,11,17
2020-04-27,Вінницька,9,9,16
2020-04-28,Вінницька,6,6,9
2020-04-29,Вінницька,7,7,14
2020-04-30,Вінницька,7,7,15
2020-05-01,Вінницька,0,0,1
2020-05-02,Вінницька,9,9,10
2020-05-03,Вінницька,12,12,14
2020-05-04,Вінницька,6,6,15
2020-05-05,Вінницька,22,22,24
2020-05-06,Вінницька,8,8,20
2020-05-07,Вінницька,31,31,38
2020-05-08,Вінницька,8,8,16
2020-05-09,Вінницька,28,28,29
2020-05-10,Вінницька,7,7,11
2020-05-11,Вінницька,39,39,39
2020-05-12,Вінницька,41,41,46
2020-05-13,Вінницька,21,21,25
2020-05-14,Вінницька,14,14,28
2020-05-15,Вінницька,34,34,38
2020-05-16,Вінницька,19,19,20
2020-05-17,Вінницька,7,7,7
2020-05-18,Вінницька,23,23,34
2020-05-19,Вінницька,10,10,25
2020-05-20,Вінницька,26,26,26
2020-05-21,Вінницька,33,33,41
2020-05-22,Вінницька,33,33,37
2020-05-23,Вінницька,31,31,32
2020-05-24,Вінницька,12,12,3
2020-05-25,Вінницька,20,20,31
2020-05-26,Вінницька,15,15,37
2020-05-27,Вінницька,13,13,26
2020-05-28,Вінницька,7,7,38
2020-05-29,Вінницька,28,28,1
2020-05-30,Вінницька,8,8,47
2020-05-31,Вінницька,28,28,14
2020-06-01,Вінницька,16,16,33
2020-06-02,Вінницька,18,18,32
2020-06-03,Вінницька,27,27,34
2020-06-04,Вінницька,17,17,39
2020-06-05,Вінницька,21,21,31
2020-06-06,Вінницька,23,23,20
2020-06-07,Вінницька,20,20,12
2020-06-08,Вінницька,25,25,24
2020-06-09,Вінницька,27,27,57
2020-06-10,Вінницька,60,60,63
2020-06-11,Вінницька,56,56,102
2020-06-12,Вінницька,37,37,79
2020-06-13,Вінницька,33,33,22
2020-06-14,Вінницька,21,21,36
2020-06-15,Вінницька,46,46,60
2020-06-16,Вінницька,35,35,87
2020-06-17,Вінницька,60,60,76
2020-06-18,Вінницька,34,34,48
2020-06-19,Вінницька,45,45,49
2020-06-20,Вінницька,19,19,21
2020-06-21,Вінницька,7,7,21
2020-06-22,Вінницька,32,32,58
2020-06-23,Вінницька,24,24,68
2020-06-24,Вінницька,32,32,49
2020-06-25,Вінницька,32,32,45
2020-06-26,Вінницька,38,38,45
2020-06-27,Вінницька,9,9,17
2020-06-28,Вінницька,18,18,12
2020-06-29,Вінницька,15,15,19
2020-06-30,Вінницька,17,17,35
2020-07-01,Вінницька,15,15,40
2020-07-02,Вінницька,32,32,48
2020-07-03,Вінницька,14,14,45
2020-07-04,Вінницька,17,17,21
2020-07-05,Вінницька,8,8,16
2020-07-06,Вінницька,11,11,32
2020-07-07,Вінницька,23,23,47
2020-07-08,Вінницька,16,21,38
2020-03-03,Волинська,0,0,1
2020-03-10,Волинська,0,0,1
2020-03-12,Волинська,0,0,1
2020-03-14,Волинська,0,0,1
2020-03-16,Волинська,0,0,1
2020-03-18,Волинська,0,0,2
2020-03-19,Волинська,0,0,7
2020-03-20,Волинська,0,0,2
2020-03-21,Волинська,0,0,6
2020-03-22,Волинська,0,0,3
2020-03-23,Волинська,0,0,6
2020-03-24,Волинська,1,1,3
2020-03-25,Волинська,1,1,4
2020-03-26,Волинська,0,0,18
2020-03-27,Волинська,0,0,4
2020-03-28,Волинська,0,0,7
2020-03-29,Волинська,0,0,20
2020-03-30,Волинська,1,1,33
2020-03-31,Волинська,4,4,22
2020-04-01,Волинська,3,3,34
2020-04-02,Волинська,0,0,14
2020-04-03,Волинська,7,7,9
2020-04-04,Волинська,2,2,8
2020-04-05,Волинська,7,7,10
2020-04-06,Волинська,8,8,26
2020-04-07,Волинська,2,2,21
2020-04-08,Волинська,3,3,24
2020-04-09,Волинська,5,5,21
2020-04-10,Волинська,17,17,27
2020-04-11,Волинська,10,10,26
2020-04-12,Волинська,7,7,11
2020-04-13,Волинська,12,12,43
2020-04-14,Волинська,15,15,33
2020-04-15,Волинська,14,14,54
2020-04-16,Волинська,7,7,37
2020-04-17,Волинська,23,23,27
2020-04-18,Волинська,2,2,21
2020-04-19,Волинська,8,8,7
2020-04-20,Волинська,16,16,14
2020-04-21,Волинська,8,8,29
2020-04-22,Волинська,17,17,66
2020-04-23,Волинська,8,8,56
2020-04-24,Волинська,15,15,55
2020-04-25,Волинська,22,22,53
2020-04-26,Волинська,11,11,12
2020-04-27,Волинська,8,8,27
2020-04-28,Волинська,11,11,57
2020-04-29,Волинська,18,18,39
2020-04-30,Волинська,16,16,31
2020-05-01,Волинська,11,11,25
2020-05-02,Волинська,12,12,19
2020-05-03,Волинська,8,8,15
2020-05-04,Волинська,14,14,27
2020-05-05,Волинська,29,29,56
2020-05-06,Волинська,20,20,67
2020-05-07,Волинська,30,30,44
2020-05-08,Волинська,34,34,58
2020-05-09,Волинська,15,15,25
2020-05-10,Волинська,7,7,20
2020-05-11,Волинська,20,20,27
2020-05-12,Волинська,14,14,41
2020-05-13,Волинська,40,40,56
2020-05-14,Волинська,27,27,74
2020-05-15,Волинська,16,16,61
2020-05-16,Волинська,15,15,44
2020-05-17,Волинська,8,8,23
2020-05-18,Волинська,39,39,27
2020-05-19,Волинська,25,25,61
2020-05-20,Волинська,29,29,67
2020-05-21,Волинська,32,32,88
2020-05-22,Волинська,14,14,61
2020-05-23,Волинська,15,15,59
2020-05-24,Волинська,22,22,21
2020-05-25,Волинська,8,8,34
2020-05-26,Волинська,18,18,77
2020-05-27,Волинська,36,36,110
2020-05-28,Волинська,14,14,59
2020-05-29,Волинська,15,15,73
2020-05-30,Волинська,26,26,58
2020-05-31,Волинська,13,13,29
2020-06-01,Волинська,11,11,20
2020-06-02,Волинська,18,18,71
2020-06-03,Волинська,25,25,63
2020-06-04,Волинська,23,23,66
2020-06-05,Волинська,31,31,55
2020-06-06,Волинська,13,13,31
2020-06-07,Волинська,27,27,27
2020-06-08,Волинська,35,35,27
2020-06-09,Волинська,100,100,36
2020-06-10,Волинська,53,53,69
2020-06-11,Волинська,47,47,78
2020-06-12,Волинська,42,42,54
2020-06-13,Волинська,44,44,46
2020-06-14,Волинська,40,40,32
2020-06-15,Волинська,62,62,55
2020-06-16,Волинська,63,63,83
2020-06-17,Волинська,57,57,53
2020-06-18,Волинська,67,67,55
2020-06-19,Волинська,54,54,74
2020-06-20,Волинська,66,66,27
2020-06-21,Волинська,49,49,78
2020-06-22,Волинська,49,49,54
2020-06-23,Волинська,81,81,62
2020-06-24,Волинська,55,55,64
2020-06-25,Волинська,75,75,56
2020-06-26,Волинська,95,95,53
2020-06-27,Волинська,24,24,70
2020-06-28,Волинська,138,138,29
2020-06-29,Волинська,30,30,88
2020-06-30,Волинська,51,51,69
2020-07-01,Волинська,70,70,79
2020-07-02,Волинська,72,72,49
2020-07-03,Волинська,75,75,64
2020-07-04,Волинська,63,63,23
2020-07-05,Волинська,35,35,37
2020-07-06,Волинська,17,17,56
2020-07-07,Волинська,35,36,26
2020-07-08,Волинська,48,60,28
2020-03-16,Дніпропетровська,0,0,2
2020-03-17,Дніпропетровська,0,0,5
2020-03-18,Дніпропетровська,0,0,2
2020-03-19,Дніпропетровська,2,2,2
2020-03-20,Дніпропетровська,0,0,3
2020-03-21,Дніпропетровська,0,0,2
2020-03-22,Дніпропетровська,0,0,9
2020-03-23,Дніпропетровська,0,0,0
2020-03-24,Дніпропетровська,0,0,10
2020-03-25,Дніпропетровська,1,1,6
2020-03-26,Дніпропетровська,0,0,5
2020-03-27,Дніпропетровська,3,3,7
2020-03-28,Дніпропетровська,0,0,7
2020-03-29,Дніпропетровська,2,2,6
2020-03-30,Дніпропетровська,1,1,12
2020-03-31,Дніпропетровська,0,0,6
2020-04-01,Дніпропетровська,1,1,12
2020-04-02,Дніпропетровська,2,2,7
2020-04-03,Дніпропетровська,2,2,7
2020-04-04,Дніпропетровська,0,0,9
2020-04-05,Дніпропетровська,0,0,4
2020-04-06,Дніпропетровська,12,12,15
2020-04-07,Дніпропетровська,15,15,18
2020-04-08,Дніпропетровська,1,1,7
2020-04-09,Дніпропетровська,10,10,18
2020-04-10,Дніпропетровська,3,3,11
2020-04-11,Дніпропетровська,3,3,8
2020-04-12,Дніпропетровська,2,2,8
2020-04-13,Дніпропетровська,12,12,26
2020-04-14,Дніпропетровська,5,5,13
2020-04-15,Дніпропетровська,8,8,17
2020-04-16,Дніпропетровська,16,16,31
2020-04-17,Дніпропетровська,5,5,7
2020-04-18,Дніпропетровська,6,6,15
2020-04-19,Дніпропетровська,8,8,9
2020-04-20,Дніпропетровська,4,4,8
2020-04-21,Дніпропетровська,27,27,37
2020-04-22,Дніпропетровська,38,38,46
2020-04-23,Дніпропетровська,11,11,30
2020-04-24,Дніпропетровська,42,42,56
2020-04-25,Дніпропетровська,53,53,52
2020-04-26,Дніпропетровська,23,23,27
2020-04-27,Дніпропетровська,1,1,23
2020-04-28,Дніпропетровська,9,9,20
2020-04-29,Дніпропетровська,22,22,28
2020-04-30,Дніпропетровська,14,14,18
2020-05-01,Дніпропетровська,77,77,79
2020-05-02,Дніпропетровська,7,7,30
2020-05-03,Дніпропетровська,12,12,13
2020-05-04,Дніпропетровська,20,20,36
2020-05-05,Дніпропетровська,91,91,104
2020-05-06,Дніпропетровська,50,50,69
2020-05-07,Дніпропетровська,31,31,63
2020-05-08,Дніпропетровська,29,29,51
2020-05-09,Дніпропетровська,23,23,24
2020-05-10,Дніпропетровська,27,27,34
2020-05-11,Дніпропетровська,22,22,25
2020-05-12,Дніпропетровська,23,23,33
2020-05-13,Дніпропетровська,5,5,42
2020-05-14,Дніпропетровська,10,10,28
2020-05-15,Дніпропетровська,16,16,29
2020-05-16,Дніпропетровська,30,30,33
2020-05-17,Дніпропетровська,6,6,7
2020-05-18,Дніпропетровська,1,1,22
2020-05-19,Дніпропетровська,5,5,16
2020-05-20,Дніпропетровська,10,10,29
2020-05-21,Дніпропетровська,4,4,10
2020-05-22,Дніпропетровська,2,2,12
2020-05-23,Дніпропетровська,7,7,30
2020-05-24,Дніпропетровська,14,14,11
2020-05-25,Дніпропетровська,14,14,56
2020-05-26,Дніпропетровська,8,8,24
2020-05-27,Дніпропетровська,14,14,23
2020-05-28,Дніпропетровська,8,8,21
2020-05-29,Дніпропетровська,3,3,19
2020-05-30,Дніпропетровська,9,9,22
2020-05-31,Дніпропетровська,0,0,3
2020-06-01,Дніпропетровська,2,2,3
2020-06-02,Дніпропетровська,8,8,33
2020-06-03,Дніпропетровська,5,5,20
2020-06-04,Дніпропетровська,3,3,22
2020-06-05,Дніпропетровська,5,5,12
2020-06-06,Дніпропетровська,5,5,22
2020-06-07,Дніпропетровська,0,0,3
2020-06-08,Дніпропетровська,0,0,1
2020-06-09,Дніпропетровська,2,2,18
2020-06-10,Дніпропетровська,9,9,31
2020-06-11,Дніпропетровська,2,2,14
2020-06-12,Дніпропетровська,13,13,15
2020-06-13,Дніпропетровська,2,2,9
2020-06-14,Дніпропетровська,0,0,11
2020-06-15,Дніпропетровська,6,6,24
2020-06-16,Дніпропетровська,8,8,11
2020-06-17,Дніпропетровська,9,9,21
2020-06-18,Дніпропетровська,0,0,24
2020-06-19,Дніпропетровська,15,15,17
2020-06-20,Дніпропетровська,6,6,7
2020-06-21,Дніпропетровська,0,0,0
2020-06-22,Дніпропетровська,8,8,31
2020-06-23,Дніпропетровська,10,10,15
2020-06-24,Дніпропетровська,9,9,23
2020-06-25,Дніпропетровська,12,12,29
2020-06-26,Дніпропетровська,7,7,12
2020-06-27,Дніпропетровська,1,1,7
2020-06-28,Дніпропетровська,0,0,3
2020-06-29,Дніпропетровська,1,1,8
2020-06-30,Дніпропетровська,4,4,18
2020-07-01,Дніпропетровська,1,1,13
2020-07-02,Дніпропетровська,11,11,24
2020-07-03,Дніпропетровська,7,7,17
2020-07-04,Дніпропетровська,2,2,13
2020-07-05,Дніпропетровська,0,0,2
2020-07-06,Дніпропетровська,3,3,9
2020-07-07,Дніпропетровська,4,4,22
2020-07-08,Дніпропетровська,8,9,27
2020-01-31,Донецька,0,0,1
2020-03-04,Донецька,0,0,1
2020-03-06,Донецька,0,0,1
2020-03-10,Донецька,0,0,1
2020-03-13,Донецька,0,0,1
2020-03-15,Донецька,0,0,4
2020-03-16,Донецька,0,0,1
2020-03-17,Донецька,0,0,4
2020-03-18,Донецька,1,1,4
2020-03-19,Донецька,0,0,5
2020-03-20,Донецька,0,0,6
2020-03-21,Донецька,0,0,4
2020-03-22,Донецька,0,0,2
2020-03-23,Донецька,0,0,4
2020-03-24,Донецька,0,0,5
2020-03-25,Донецька,0,0,6
2020-03-26,Донецька,1,1,5
2020-03-27,Донецька,0,0,4
2020-03-28,Донецька,0,0,1
2020-03-29,Донецька,4,4,2
2020-03-30,Донецька,1,1,5
2020-03-31,Донецька,0,0,4
2020-04-01,Донецька,0,0,9
2020-04-02,Донецька,1,1,1
2020-04-03,Донецька,1,1,8
2020-04-04,Донецька,0,0,1
2020-04-05,Донецька,0,0,0
2020-04-06,Донецька,0,0,6
2020-04-07,Донецька,2,2,4
2020-04-08,Донецька,0,0,3
2020-04-09,Донецька,0,0,6
2020-04-10,Донецька,0,0,6
2020-04-11,Донецька,0,0,6
2020-04-12,Донецька,0,0,0
2020-04-13,Донецька,1,1,3
2020-04-14,Донецька,0,0,5
2020-04-15,Донецька,1,1,3
2020-04-16,Донецька,0,0,5
2020-04-17,Донецька,2,2,6
2020-04-18,Донецька,1,1,3
2020-04-19,Донецька,0,0,0
2020-04-20,Донецька,0,0,0
2020-04-21,Донецька,3,3,5
2020-04-22,Донецька,5,5,5
2020-04-23,Донецька,10,10,4
2020-04-24,Донецька,1,1,9
2020-04-25,Донецька,23,23,24
2020-04-26,Донецька,0,0,0
2020-04-27,Донецька,0,0,3
2020-04-28,Донецька,8,8,1
2020-04-29,Донецька,17,17,16
2020-04-30,Донецька,3,3,5
2020-05-01,Донецька,1,1,1
2020-05-02,Донецька,0,0,0
2020-05-03,Донецька,1,1,11
2020-05-04,Донецька,7,7,3
2020-05-05,Донецька,2,2,11
2020-05-06,Донецька,9,9,7
2020-05-07,Донецька,5,5,8
2020-05-08,Донецька,1,1,19
2020-05-09,Донецька,0,0,0
2020-05-10,Донецька,1,1,3
2020-05-11,Донецька,1,1,0
2020-05-12,Донецька,3,3,3
2020-05-13,Донецька,1,1,17
2020-05-14,Донецька,4,4,5
2020-05-15,Донецька,3,3,5
2020-05-16,Донецька,3,3,7
2020-05-17,Донецька,0,0,0
2020-05-18,Донецька,2,2,6
2020-05-19,Донецька,1,1,2
2020-05-20,Донецька,3,3,5
2020-05-21,Донецька,3,3,7
2020-05-22,Донецька,1,1,4
2020-05-23,Донецька,2,2,3
2020-05-24,Донецька,5,5,5
2020-05-25,Донецька,8,8,8
2020-05-26,Донецька,0,0,5
2020-05-27,Донецька,1,1,3
2020-05-28,Донецька,0,0,4
2020-05-29,Донецька,1,1,9
2020-05-30,Донецька,3,3,2
2020-05-31,Донецька,0,0,0
2020-06-01,Донецька,1,1,6
2020-06-02,Донецька,5,5,3
2020-06-03,Донецька,10,10,9
2020-06-04,Донецька,22,22,24
2020-06-05,Донецька,9,9,14
2020-06-06,Донецька,27,27,26
2020-06-07,Донецька,0,0,0
2020-06-08,Донецька,4,4,4
2020-06-09,Донецька,10,10,18
2020-06-10,Донецька,24,24,27
2020-06-11,Донецька,11,11,11
2020-06-12,Донецька,11,11,12
2020-06-13,Донецька,2,2,3
2020-06-14,Донецька,11,11,42
2020-06-15,Донецька,16,16,10
2020-06-16,Донецька,1,1,9
2020-06-17,Донецька,10,10,11
2020-06-18,Донецька,2,2,6
2020-06-19,Донецька,5,5,5
2020-06-20,Донецька,7,7,8
2020-06-21,Донецька,0,0,0
2020-06-22,Донецька,7,7,9
2020-06-23,Донецька,8,8,10
2020-06-24,Донецька,5,5,27
2020-06-25,Донецька,26,26,16
2020-06-26,Донецька,9,9,37
2020-06-27,Донецька,64,64,41
2020-06-28,Донецька,2,2,1
2020-06-29,Донецька,0,0,0
2020-06-30,Донецька,3,3,9
2020-07-01,Донецька,78,78,78
2020-07-02,Донецька,38,38,40
2020-07-03,Донецька,1,1,7
2020-07-04,Донецька,1,1,81
2020-07-05,Донецька,81,81,2
2020-07-06,Донецька,5,5,10
2020-07-07,Донецька,30,30,29
2020-07-08,Донецька,45,45,42
2020-01-29,Житомирська,0,0,1
2020-02-22,Житомирська,0,0,1
2020-02-28,Житомирська,0,0,2
2020-03-08,Житомирська,0,0,1
2020-03-12,Житомирська,1,1,1
2020-03-13,Житомирська,0,0,1
2020-03-14,Житомирська,0,0,2
2020-03-15,Житомирська,0,0,2
2020-03-16,Житомирська,0,0,2
2020-03-17,Житомирська,0,0,1
2020-03-18,Житомирська,0,0,2
2020-03-19,Житомирська,1,1,5
2020-03-20,Житомирська,0,0,2
2020-03-21,Житомирська,0,0,1
2020-03-22,Житомирська,0,0,0
2020-03-23,Житомирська,0,0,3
2020-03-24,Житомирська,0,0,4
2020-03-25,Житомирська,0,0,1
2020-03-26,Житомирська,2,2,5
2020-03-27,Житомирська,1,1,10
2020-03-28,Житомирська,0,0,3
2020-03-29,Житомирська,0,0,3
2020-03-30,Житомирська,0,0,1
2020-03-31,Житомирська,0,0,6
2020-04-01,Житомирська,1,1,6
2020-04-02,Житомирська,0,0,13
2020-04-03,Житомирська,3,3,11
2020-04-04,Житомирська,1,1,6
2020-04-05,Житомирська,0,0,3
2020-04-06,Житомирська,3,3,12
2020-04-07,Житомирська,12,12,19
2020-04-08,Житомирська,4,4,21
2020-04-09,Житомирська,10,10,40
2020-04-10,Житомирська,32,32,38
2020-04-11,Житомирська,20,20,29
2020-04-12,Житомирська,0,0,8
2020-04-13,Житомирська,18,18,54
2020-04-14,Житомирська,22,22,65
2020-04-15,Житомирська,28,28,48
2020-04-16,Житомирська,16,16,40
2020-04-17,Житомирська,20,20,77
2020-04-18,Житомирська,14,14,29
2020-04-19,Житомирська,15,15,35
2020-04-20,Житомирська,44,44,41
2020-04-21,Житомирська,17,17,53
2020-04-22,Житомирська,17,17,71
2020-04-23,Житомирська,5,5,24
2020-04-24,Житомирська,28,28,57
2020-04-25,Житомирська,11,11,22
2020-04-26,Житомирська,3,3,9
2020-04-27,Житомирська,4,4,39
2020-04-28,Житомирська,4,4,33
2020-04-29,Житомирська,17,17,31
2020-04-30,Житомирська,16,16,22
2020-05-01,Житомирська,3,3,24
2020-05-02,Житомирська,31,31,33
2020-05-03,Житомирська,6,6,12
2020-05-04,Житомирська,18,18,32
2020-05-05,Житомирська,7,7,34
2020-05-06,Житомирська,22,22,69
2020-05-07,Житомирська,3,3,33
2020-05-08,Житомирська,5,5,22
2020-05-09,Житомирська,33,33,27
2020-05-10,Житомирська,5,5,5
2020-05-11,Житомирська,2,2,11
2020-05-12,Житомирська,5,5,38
2020-05-13,Житомирська,3,3,32
2020-05-14,Житомирська,5,5,49
2020-05-15,Житомирська,2,2,41
2020-05-16,Житомирська,6,6,6
2020-05-17,Житомирська,18,18,20
2020-05-18,Житомирська,9,9,36
2020-05-19,Житомирська,10,10,38
2020-05-20,Житомирська,7,7,49
2020-05-21,Житомирська,17,17,37
2020-05-22,Житомирська,11,11,12
2020-05-23,Житомирська,9,9,8
2020-05-24,Житомирська,15,15,18
2020-05-25,Житомирська,5,5,9
2020-05-26,Житомирська,13,13,22
2020-05-27,Житомирська,13,13,24
2020-05-28,Житомирська,22,22,27
2020-05-29,Житомирська,25,25,32
2020-05-30,Житомирська,23,23,25
2020-05-31,Житомирська,4,4,2
2020-06-01,Житомирська,34,34,55
2020-06-02,Житомирська,17,17,14
2020-06-03,Житомирська,37,37,59
2020-06-04,Житомирська,30,30,39
2020-06-05,Житомирська,8,8,23
2020-06-06,Житомирська,11,11,12
2020-06-07,Житомирська,16,16,17
2020-06-08,Житомирська,39,39,41
2020-06-09,Житомирська,32,32,43
2020-06-10,Житомирська,31,31,49
2020-06-11,Житомирська,9,9,31
2020-06-12,Житомирська,21,21,27
2020-06-13,Житомирська,13,13,13
2020-06-14,Житомирська,40,40,28
2020-06-15,Житомирська,20,20,32
2020-06-16,Житомирська,42,42,53
2020-06-17,Житомирська,10,10,15
2020-06-18,Житомирська,44,44,45
2020-06-19,Житомирська,28,28,40
2020-06-20,Житомирська,31,31,34
2020-06-21,Житомирська,14,14,7
2020-06-22,Житомирська,20,20,32
2020-06-23,Житомирська,17,17,26
2020-06-24,Житомирська,37,37,32
2020-06-25,Житомирська,17,17,25
2020-06-26,Житомирська,26,26,20
2020-06-27,Житомирська,6,6,14
2020-06-28,Житомирська,7,7,7
2020-06-29,Житомирська,1,1,9
2020-06-30,Житомирська,8,8,12
2020-07-01,Житомирська,8,8,18
2020-07-02,Житомирська,19,19,25
2020-07-03,Житомирська,9,9,5
2020-07-04,Житомирська,14,14,14
2020-07-05,Житомирська,6,6,8
2020-07-06,Житомирська,13,13,20
2020-07-07,Житомирська,6,6,18
2020-07-08,Житомирська,12,14,19
2020-03-06,Закарпатська,0,0,1
2020-03-17,Закарпатська,0,0,3
2020-03-18,Закарпатська,0,0,4
2020-03-19,Закарпатська,0,0,1
2020-03-21,Закарпатська,0,0,1
2020-03-23,Закарпатська,0,0,1
2020-03-26,Закарпатська,1,1,0
2020-03-27,Закарпатська,0,0,1
2020-03-28,Закарпатська,19,19,19
2020-03-29,Закарпатська,0,0,0
2020-03-30,Закарпатська,1,1,1
2020-03-31,Закарпатська,1,1,2
2020-04-01,Закарпатська,0,0,4
2020-04-02,Закарпатська,2,2,4
2020-04-03,Закарпатська,3,3,10
2020-04-04,Закарпатська,1,1,7
2020-04-05,Закарпатська,7,7,4
2020-04-06,Закарпатська,6,6,16
2020-04-07,Закарпатська,2,2,5
2020-04-08,Закарпатська,8,8,18
2020-04-09,Закарпатська,5,5,24
2020-04-10,Закарпатська,23,23,38
2020-04-11,Закарпатська,8,8,6
2020-04-12,Закарпатська,6,6,12
2020-04-13,Закарпатська,7,7,9
2020-04-14,Закарпатська,11,11,29
2020-04-15,Закарпатська,28,28,39
2020-04-16,Закарпатська,15,15,25
2020-04-17,Закарпатська,19,19,41
2020-04-18,Закарпатська,19,19,16
2020-04-19,Закарпатська,9,9,12
2020-04-20,Закарпатська,9,9,11
2020-04-21,Закарпатська,18,18,45
2020-04-22,Закарпатська,10,10,27
2020-04-23,Закарпатська,38,38,85
2020-04-24,Закарпатська,19,19,38
2020-04-25,Закарпатська,50,50,32
2020-04-26,Закарпатська,39,39,33
2020-04-27,Закарпатська,23,23,77
2020-04-28,Закарпатська,9,9,53
2020-04-29,Закарпатська,20,20,44
2020-04-30,Закарпатська,37,37,70
2020-05-01,Закарпатська,39,39,18
2020-05-02,Закарпатська,15,15,15
2020-05-03,Закарпатська,19,19,24
2020-05-04,Закарпатська,17,17,63
2020-05-05,Закарпатська,15,15,51
2020-05-06,Закарпатська,38,38,65
2020-05-07,Закарпатська,42,42,77
2020-05-08,Закарпатська,31,31,71
2020-05-09,Закарпатська,30,30,25
2020-05-10,Закарпатська,30,30,17
2020-05-11,Закарпатська,25,25,31
2020-05-12,Закарпатська,12,12,42
2020-05-13,Закарпатська,21,21,83
2020-05-14,Закарпатська,17,17,88
2020-05-15,Закарпатська,67,67,98
2020-05-16,Закарпатська,5,5,27
2020-05-17,Закарпатська,13,13,10
2020-05-18,Закарпатська,4,4,52
2020-05-19,Закарпатська,44,44,95
2020-05-20,Закарпатська,43,43,84
2020-05-21,Закарпатська,20,20,70
2020-05-22,Закарпатська,43,43,63
2020-05-23,Закарпатська,25,25,16
2020-05-24,Закарпатська,4,4,23
2020-05-25,Закарпатська,15,15,57
2020-05-26,Закарпатська,6,6,86
2020-05-27,Закарпатська,27,27,50
2020-05-28,Закарпатська,34,34,76
2020-05-29,Закарпатська,18,18,52
2020-05-30,Закарпатська,22,22,12
2020-05-31,Закарпатська,7,7,5
2020-06-01,Закарпатська,20,20,10
2020-06-02,Закарпатська,22,22,19
2020-06-03,Закарпатська,32,32,26
2020-06-04,Закарпатська,34,34,19
2020-06-05,Закарпатська,28,28,39
2020-06-06,Закарпатська,58,58,13
2020-06-07,Закарпатська,18,18,54
2020-06-08,Закарпатська,11,11,37
2020-06-09,Закарпатська,38,38,24
2020-06-10,Закарпатська,23,23,23
2020-06-11,Закарпатська,80,80,34
2020-06-12,Закарпатська,33,33,77
2020-06-13,Закарпатська,76,76,51
2020-06-14,Закарпатська,37,37,46
2020-06-15,Закарпатська,71,71,49
2020-06-16,Закарпатська,51,51,78
2020-06-17,Закарпатська,94,94,75
2020-06-18,Закарпатська,80,80,77
2020-06-19,Закарпатська,133,133,110
2020-06-20,Закарпатська,47,47,81
2020-06-21,Закарпатська,29,29,39
2020-06-22,Закарпатська,95,95,102
2020-06-23,Закарпатська,115,115,78
2020-06-24,Закарпатська,86,86,86
2020-06-25,Закарпатська,93,93,91
2020-06-26,Закарпатська,102,102,99
2020-06-27,Закарпатська,91,91,87
2020-06-28,Закарпатська,70,70,65
2020-06-29,Закарпатська,49,49,91
2020-06-30,Закарпатська,93,93,72
2020-07-01,Закарпатська,97,97,84
2020-07-02,Закарпатська,108,108,81
2020-07-03,Закарпатська,120,120,88
2020-07-04,Закарпатська,50,50,106
2020-07-05,Закарпатська,39,40,54
2020-07-06,Закарпатська,72,76,83
2020-07-07,Закарпатська,80,94,75
2020-07-08,Закарпатська,26,128,88
2020-03-10,Запорізька,0,0,1
2020-03-12,Запорізька,0,0,1
2020-03-16,Запорізька,0,0,3
2020-03-18,Запорізька,0,0,1
2020-03-19,Запорізька,0,0,3
2020-03-20,Запорізька,0,0,5
2020-03-21,Запорізька,0,0,6
2020-03-22,Запорізька,0,0,4
2020-03-23,Запорізька,0,0,2
2020-03-24,Запорізька,2,2,5
2020-03-25,Запорізька,6,6,4
2020-03-26,Запорізька,0,0,3
2020-03-27,Запорізька,2,2,6
2020-03-28,Запорізька,1,1,5
2020-03-29,Запорізька,2,2,5
2020-03-30,Запорізька,0,0,10
2020-03-31,Запорізька,6,6,9
2020-04-01,Запорізька,3,3,14
2020-04-02,Запорізька,6,6,16
2020-04-03,Запорізька,4,4,13
2020-04-04,Запорізька,8,8,9
2020-04-05,Запорізька,1,1,2
2020-04-06,Запорізька,3,3,15
2020-04-07,Запорізька,1,1,7
2020-04-08,Запорізька,8,8,11
2020-04-09,Запорізька,1,1,4
2020-04-10,Запорізька,30,30,39
2020-04-11,Запорізька,0,0,7
2020-04-12,Запорізька,4,4,5
2020-04-13,Запорізька,8,8,28
2020-04-14,Запорізька,14,14,19
2020-04-15,Запорізька,8,8,21
2020-04-16,Запорізька,9,9,29
2020-04-17,Запорізька,2,2,9
2020-04-18,Запорізька,3,3,14
2020-04-19,Запорізька,3,3,3
2020-04-20,Запорізька,3,3,3
2020-04-21,Запорізька,8,8,18
2020-04-22,Запорізька,13,13,31
2020-04-23,Запорізька,9,9,15
2020-04-24,Запорізька,15,15,19
2020-04-25,Запорізька,20,20,21
2020-04-26,Запорізька,4,4,4
2020-04-27,Запорізька,17,17,17
2020-04-28,Запорізька,16,16,22
2020-04-29,Запорізька,19,19,22
2020-04-30,Запорізька,10,10,13
2020-05-01,Запорізька,7,7,7
2020-05-02,Запорізька,5,5,3
2020-05-03,Запорізька,6,6,7
2020-05-04,Запорізька,8,8,11
2020-05-05,Запорізька,4,4,8
2020-05-06,Запорізька,11,11,16
2020-05-07,Запорізька,8,8,14
2020-05-08,Запорізька,8,8,20
2020-05-09,Запорізька,2,2,8
2020-05-10,Запорізька,3,3,2
2020-05-11,Запорізька,0,0,0
2020-05-12,Запорізька,11,11,16
2020-05-13,Запорізька,12,12,20
2020-05-14,Запорізька,11,11,12
2020-05-15,Запорізька,14,14,19
2020-05-16,Запорізька,4,4,7
2020-05-17,Запорізька,2,2,2
2020-05-18,Запорізька,5,5,11
2020-05-19,Запорізька,4,4,10
2020-05-20,Запорізька,3,3,8
2020-05-21,Запорізька,3,3,8
2020-05-22,Запорізька,5,5,9
2020-05-23,Запорізька,3,3,5
2020-05-24,Запорізька,4,4,6
2020-05-25,Запорізька,4,4,5
2020-05-26,Запорізька,7,7,6
2020-05-27,Запорізька,2,2,11
2020-05-28,Запорізька,9,9,12
2020-05-29,Запорізька,5,5,17
2020-05-30,Запорізька,3,3,7
2020-05-31,Запорізька,6,6,2
2020-06-01,Запорізька,9,9,6
2020-06-02,Запорізька,6,6,18
2020-06-03,Запорізька,7,7,4
2020-06-04,Запорізька,9,9,16
2020-06-05,Запорізька,10,10,17
2020-06-06,Запорізька,4,4,8
2020-06-07,Запорізька,2,2,1
2020-06-08,Запорізька,2,2,5
2020-06-09,Запорізька,10,10,4
2020-06-10,Запорізька,1,1,12
2020-06-11,Запорізька,7,7,7
2020-06-12,Запорізька,5,5,11
2020-06-13,Запорізька,6,6,6
2020-06-14,Запорізька,0,0,2
2020-06-15,Запорізька,8,8,3
2020-06-16,Запорізька,2,2,12
2020-06-17,Запорізька,5,5,9
2020-06-18,Запорізька,6,6,11
2020-06-19,Запорізька,1,1,7
2020-06-20,Запорізька,3,3,5
2020-06-21,Запорізька,0,0,2
2020-06-22,Запорізька,5,5,4
2020-06-23,Запорізька,2,2,6
2020-06-24,Запорізька,0,0,9
2020-06-25,Запорізька,4,4,13
2020-06-26,Запорізька,1,1,10
2020-06-27,Запорізька,5,5,10
2020-06-28,Запорізька,2,2,2
2020-06-29,Запорізька,2,2,2
2020-06-30,Запорізька,2,2,11
2020-07-01,Запорізька,2,2,17
2020-07-02,Запорізька,4,4,10
2020-07-03,Запорізька,16,16,21
2020-07-04,Запорізька,0,0,9
2020-07-05,Запорізька,1,1,2
2020-07-06,Запорізька,2,2,14
2020-07-07,Запорізька,4,4,9
2020-07-08,Запорізька,2,2,5
2020-01-29,Івано-Франківська,0,0,1
2020-02-23,Івано-Франківська,0,0,2
2020-02-28,Івано-Франківська,0,0,1
2020-03-02,Івано-Франківська,0,0,1
2020-03-04,Івано-Франківська,0,0,1
2020-03-16,Івано-Франківська,0,0,6
2020-03-17,Івано-Франківська,0,0,3
2020-03-18,Івано-Франківська,0,0,4
2020-03-19,Івано-Франківська,1,1,1
2020-03-20,Івано-Франківська,1,1,8
2020-03-21,Івано-Франківська,0,0,7
2020-03-22,Івано-Франківська,3,3,10
2020-03-23,Івано-Франківська,0,0,9
2020-03-24,Івано-Франківська,0,0,16
2020-03-25,Івано-Франківська,11,11,8
2020-03-26,Івано-Франківська,8,8,18
2020-03-27,Івано-Франківська,4,4,37
2020-03-28,Івано-Франківська,13,13,48
2020-03-29,Івано-Франківська,0,0,16
2020-03-30,Івано-Франківська,5,5,21
2020-03-31,Івано-Франківська,21,21,62
2020-04-01,Івано-Франківська,11,11,65
2020-04-02,Івано-Франківська,17,17,114
2020-04-03,Івано-Франківська,5,5,36
2020-04-04,Івано-Франківська,15,15,57
2020-04-05,Івано-Франківська,36,36,42
2020-04-06,Івано-Франківська,41,41,82
2020-04-07,Івано-Франківська,15,15,89
2020-04-08,Івано-Франківська,66,66,122
2020-04-09,Івано-Франківська,8,8,60
2020-04-10,Івано-Франківська,36,36,168
2020-04-11,Івано-Франківська,36,36,80
2020-04-12,Івано-Франківська,4,4,67
2020-04-13,Івано-Франківська,20,20,112
2020-04-14,Івано-Франківська,51,51,87
2020-04-15,Івано-Франківська,30,30,141
2020-04-16,Івано-Франківська,35,35,128
2020-04-17,Івано-Франківська,16,16,119
2020-04-18,Івано-Франківська,49,49,94
2020-04-19,Івано-Франківська,35,35,46
2020-04-20,Івано-Франківська,14,14,31
2020-04-21,Івано-Франківська,48,48,72
2020-04-22,Івано-Франківська,40,40,138
2020-04-23,Івано-Франківська,14,14,149
2020-04-24,Івано-Франківська,36,36,168
2020-04-25,Івано-Франківська,36,36,95
2020-04-26,Івано-Франківська,1,1,60
2020-04-27,Івано-Франківська,54,54,131
2020-04-28,Івано-Франківська,23,23,126
2020-04-29,Івано-Франківська,36,36,80
2020-04-30,Івано-Франківська,29,29,148
2020-05-01,Івано-Франківська,37,37,77
2020-05-02,Івано-Франківська,19,19,47
2020-05-03,Івано-Франківська,17,17,21
2020-05-04,Івано-Франківська,27,27,79
2020-05-05,Івано-Франківська,23,23,130
2020-05-06,Івано-Франківська,17,17,112
2020-05-07,Івано-Франківська,23,23,74
2020-05-08,Івано-Франківська,18,18,82
2020-05-09,Івано-Франківська,29,29,104
2020-05-10,Івано-Франківська,3,3,26
2020-05-11,Івано-Франківська,4,4,27
2020-05-12,Івано-Франківська,17,17,15
2020-05-13,Івано-Франківська,26,26,125
2020-05-14,Івано-Франківська,19,19,119
2020-05-15,Івано-Франківська,12,12,68
2020-05-16,Івано-Франківська,17,17,70
2020-05-17,Івано-Франківська,4,4,74
2020-05-18,Івано-Франківська,13,13,73
2020-05-19,Івано-Франківська,10,10,102
2020-05-20,Івано-Франківська,10,10,85
2020-05-21,Івано-Франківська,6,6,96
2020-05-22,Івано-Франківська,7,7,123
2020-05-23,Івано-Франківська,3,3,48
2020-05-24,Івано-Франківська,5,5,6
2020-05-25,Івано-Франківська,31,31,47
2020-05-26,Івано-Франківська,10,10,55
2020-05-27,Івано-Франківська,10,10,59
2020-05-28,Івано-Франківська,30,30,25
2020-05-29,Івано-Франківська,32,32,52
2020-05-30,Івано-Франківська,31,31,133
2020-05-31,Івано-Франківська,19,19,49
2020-06-01,Івано-Франківська,16,16,31
2020-06-02,Івано-Франківська,19,19,90
2020-06-03,Івано-Франківська,22,22,79
2020-06-04,Івано-Франківська,39,39,76
2020-06-05,Івано-Франківська,13,13,52
2020-06-06,Івано-Франківська,20,20,33
2020-06-07,Івано-Франківська,6,6,49
2020-06-08,Івано-Франківська,20,20,61
2020-06-09,Івано-Франківська,20,20,27
2020-06-10,Івано-Франківська,26,26,38
2020-06-11,Івано-Франківська,17,17,35
2020-06-12,Івано-Франківська,41,41,48
2020-06-13,Івано-Франківська,23,23,38
2020-06-14,Івано-Франківська,36,36,39
2020-06-15,Івано-Франківська,29,29,22
2020-06-16,Івано-Франківська,36,36,26
2020-06-17,Івано-Франківська,59,59,57
2020-06-18,Івано-Франківська,48,48,66
2020-06-19,Івано-Франківська,42,42,54
2020-06-20,Івано-Франківська,40,40,51
2020-06-21,Івано-Франківська,28,28,30
2020-06-22,Івано-Франківська,43,43,38
2020-06-23,Івано-Франківська,54,54,73
2020-06-24,Івано-Франківська,59,59,65
2020-06-25,Івано-Франківська,45,45,52
2020-06-26,Івано-Франківська,68,68,81
2020-06-27,Івано-Франківська,47,47,12
2020-06-28,Івано-Франківська,38,38,28
2020-06-29,Івано-Франківська,32,32,53
2020-06-30,Івано-Франківська,61,61,65
2020-07-01,Івано-Франківська,79,79,75
2020-07-02,Івано-Франківська,35,35,27
2020-07-03,Івано-Франківська,69,71,63
2020-07-04,Івано-Франківська,29,30,16
2020-07-05,Івано-Франківська,26,27,21
2020-07-06,Івано-Франківська,64,69,70
2020-07-07,Івано-Франківська,52,63,44
2020-07-08,Івано-Франківська,3,78,1
2020-03-13,Київська,0,0,1
2020-03-14,Київська,0,0,1
2020-03-16,Київська,0,0,1
2020-03-17,Київська,1,1,1
2020-03-18,Київська,1,1,7
2020-03-19,Київська,0,0,4
2020-03-20,Київська,3,3,8
2020-03-21,Київська,0,0,9
2020-03-22,Київська,0,0,11
2020-03-23,Київська,14,14,11
2020-03-24,Київська,5,5,10
2020-03-25,Київська,2,2,18
2020-03-26,Київська,6,6,20
2020-03-27,Київська,11,11,47
2020-03-28,Київська,4,4,11
2020-03-29,Київська,4,4,31
2020-03-30,Київська,2,2,26
2020-03-31,Київська,4,4,82
2020-04-01,Київська,5,5,50
2020-04-02,Київська,6,6,41
2020-04-03,Київська,2,2,41
2020-04-04,Київська,8,8,31
2020-04-05,Київська,10,10,30
2020-04-06,Київська,5,5,65
2020-04-07,Київська,22,22,51
2020-04-08,Київська,11,11,56
2020-04-09,Київська,10,10,59
2020-04-10,Київська,14,14,69
2020-04-11,Київська,70,70,93
2020-04-12,Київська,4,4,43
2020-04-13,Київська,10,10,50
2020-04-14,Київська,4,4,86
2020-04-15,Київська,24,24,121
2020-04-16,Київська,19,19,86
2020-04-17,Київська,27,27,89
2020-04-18,Київська,14,14,78
2020-04-19,Київська,41,41,50
2020-04-20,Київська,29,29,49
2020-04-21,Київська,27,27,41
2020-04-22,Київська,62,62,113
2020-04-23,Київська,33,33,108
2020-04-24,Київська,9,9,99
2020-04-25,Київська,27,27,103
2020-04-26,Київська,43,43,97
2020-04-27,Київська,34,34,57
2020-04-28,Київська,43,43,124
2020-04-29,Київська,11,11,85
2020-04-30,Київська,55,55,101
2020-05-01,Київська,18,18,87
2020-05-02,Київська,57,57,60
2020-05-03,Київська,39,39,55
2020-05-04,Київська,34,34,49
2020-05-05,Київська,16,16,76
2020-05-06,Київська,17,17,56
2020-05-07,Київська,27,27,116
2020-05-08,Київська,24,24,76
2020-05-09,Київська,25,25,66
2020-05-10,Київська,33,33,79
2020-05-11,Київська,12,12,28
2020-05-12,Київська,28,28,63
2020-05-13,Київська,26,26,85
2020-05-14,Київська,33,33,82
2020-05-15,Київська,39,39,81
2020-05-16,Київська,56,56,96
2020-05-17,Київська,22,22,35
2020-05-18,Київська,27,27,60
2020-05-19,Київська,35,35,103
2020-05-20,Київська,36,36,83
2020-05-21,Київська,32,32,120
2020-05-22,Київська,42,42,110
2020-05-23,Київська,13,13,62
2020-05-24,Київська,35,35,40
2020-05-25,Київська,28,28,62
2020-05-26,Київська,31,31,39
2020-05-27,Київська,16,16,62
2020-05-28,Київська,28,28,96
2020-05-29,Київська,18,18,38
2020-05-30,Київська,18,18,51
2020-05-31,Київська,37,37,75
2020-06-01,Київська,25,25,37
2020-06-02,Київська,15,15,38
2020-06-03,Київська,45,45,100
2020-06-04,Київська,51,51,49
2020-06-05,Київська,34,34,75
2020-06-06,Київська,22,22,68
2020-06-07,Київська,22,22,69
2020-06-08,Київська,21,21,45
2020-06-09,Київська,24,24,26
2020-06-10,Київська,44,44,27
2020-06-11,Київська,38,38,37
2020-06-12,Київська,33,33,30
2020-06-13,Київська,55,55,46
2020-06-14,Київська,17,17,43
2020-06-15,Київська,20,20,27
2020-06-16,Київська,30,30,35
2020-06-17,Київська,11,11,43
2020-06-18,Київська,53,53,37
2020-06-19,Київська,46,46,39
2020-06-20,Київська,40,40,46
2020-06-21,Київська,31,31,36
2020-06-22,Київська,37,37,46
2020-06-23,Київська,49,49,49
2020-06-24,Київська,42,42,43
2020-06-25,Київська,37,37,48
2020-06-26,Київська,53,53,49
2020-06-27,Київська,39,39,38
2020-06-28,Київська,60,60,36
2020-06-29,Київська,15,15,37
2020-06-30,Київська,43,43,59
2020-07-01,Київська,33,33,50
2020-07-02,Київська,30,30,54
2020-07-03,Київська,43,44,41
2020-07-04,Київська,26,28,40
2020-07-05,Київська,21,26,28
2020-07-06,Київська,22,45,34
2020-07-07,Київська,25,46,30
2020-07-08,Київська,5,47,40
2020-02-28,Кіровоградська,0,0,1
2020-03-28,Кіровоградська,4,4,12
2020-03-29,Кіровоградська,0,0,1
2020-03-30,Кіровоградська,0,0,37
2020-03-31,Кіровоградська,2,2,24
2020-04-01,Кіровоградська,1,1,23
2020-04-02,Кіровоградська,8,8,11
2020-04-03,Кіровоградська,0,0,5
2020-04-04,Кіровоградська,22,22,23
2020-04-05,Кіровоградська,4,4,13
2020-04-06,Кіровоградська,12,12,19
2020-04-07,Кіровоградська,4,4,15
2020-04-08,Кіровоградська,21,21,27
2020-04-09,Кіровоградська,4,4,10
2020-04-10,Кіровоградська,24,24,25
2020-04-11,Кіровоградська,12,12,22
2020-04-12,Кіровоградська,24,24,22
2020-04-13,Кіровоградська,2,2,11
2020-04-14,Кіровоградська,48,48,56
2020-04-15,Кіровоградська,6,6,18
2020-04-16,Кіровоградська,20,20,26
2020-04-17,Кіровоградська,16,16,14
2020-04-18,Кіровоградська,11,11,12
2020-04-19,Кіровоградська,1,1,1
2020-04-20,Кіровоградська,1,1,13
2020-04-21,Кіровоградська,4,4,20
2020-04-22,Кіровоградська,7,7,36
2020-04-23,Кіровоградська,25,25,33
2020-04-24,Кіровоградська,29,29,32
2020-04-25,Кіровоградська,11,11,21
2020-04-26,Кіровоградська,14,14,7
2020-04-27,Кіровоградська,20,20,32
2020-04-28,Кіровоградська,20,20,27
2020-04-29,Кіровоградська,14,14,24
2020-04-30,Кіровоградська,1,1,16
2020-05-01,Кіровоградська,2,2,10
2020-05-02,Кіровоградська,3,3,7
2020-05-03,Кіровоградська,4,4,10
2020-05-04,Кіровоградська,0,0,5
2020-05-05,Кіровоградська,1,1,22
2020-05-06,Кіровоградська,1,1,24
2020-05-07,Кіровоградська,5,5,16
2020-05-08,Кіровоградська,3,3,9
2020-05-09,Кіровоградська,5,5,13
2020-05-10,Кіровоградська,4,4,7
2020-05-11,Кіровоградська,5,5,5
2020-05-12,Кіровоградська,3,3,7
2020-05-13,Кіровоградська,4,4,18
2020-05-14,Кіровоградська,5,5,13
2020-05-15,Кіровоградська,4,4,5
2020-05-16,Кіровоградська,2,2,10
2020-05-17,Кіровоградська,2,2,4
2020-05-18,Кіровоградська,0,0,5
2020-05-19,Кіровоградська,7,7,17
2020-05-20,Кіровоградська,2,2,1
2020-05-21,Кіровоградська,6,6,17
2020-05-22,Кіровоградська,6,6,7
2020-05-23,Кіровоградська,7,7,11
2020-05-24,Кіровоградська,5,5,2
2020-05-25,Кіровоградська,11,11,11
2020-05-26,Кіровоградська,4,4,10
2020-05-27,Кіровоградська,6,6,12
2020-05-28,Кіровоградська,6,6,9
2020-05-29,Кіровоградська,1,1,11
2020-05-30,Кіровоградська,7,7,16
2020-05-31,Кіровоградська,0,0,2
2020-06-01,Кіровоградська,1,1,15
2020-06-02,Кіровоградська,10,10,15
2020-06-03,Кіровоградська,12,12,13
2020-06-04,Кіровоградська,0,0,15
2020-06-05,Кіровоградська,15,15,30
2020-06-06,Кіровоградська,7,7,26
2020-06-07,Кіровоградська,3,3,3
2020-06-08,Кіровоградська,0,0,3
2020-06-09,Кіровоградська,0,0,3
2020-06-10,Кіровоградська,4,4,16
2020-06-11,Кіровоградська,2,2,22
2020-06-12,Кіровоградська,8,8,17
2020-06-13,Кіровоградська,7,7,22
2020-06-14,Кіровоградська,4,4,3
2020-06-15,Кіровоградська,2,2,14
2020-06-16,Кіровоградська,2,2,16
2020-06-17,Кіровоградська,13,13,12
2020-06-18,Кіровоградська,0,0,12
2020-06-19,Кіровоградська,6,6,21
2020-06-20,Кіровоградська,8,8,5
2020-06-21,Кіровоградська,7,7,13
2020-06-22,Кіровоградська,4,4,12
2020-06-23,Кіровоградська,4,4,18
2020-06-24,Кіровоградська,2,2,16
2020-06-25,Кіровоградська,3,3,12
2020-06-26,Кіровоградська,4,4,8
2020-06-27,Кіровоградська,4,4,15
2020-06-28,Кіровоградська,0,0,4
2020-06-29,Кіровоградська,0,0,3
2020-06-30,Кіровоградська,1,1,12
2020-07-01,Кіровоградська,4,4,9
2020-07-02,Кіровоградська,3,3,11
2020-07-03,Кіровоградська,5,5,21
2020-07-04,Кіровоградська,0,0,10
2020-07-05,Кіровоградська,1,1,2
2020-07-06,Кіровоградська,4,4,16
2020-07-07,Кіровоградська,1,1,10
2020-07-08,Кіровоградська,5,5,11
2020-03-12,Луганська,0,0,1
2020-03-13,Луганська,0,0,1
2020-03-19,Луганська,0,0,1
2020-03-20,Луганська,0,0,1
2020-03-23,Луганська,0,0,3
2020-03-24,Луганська,1,1,0
2020-03-25,Луганська,0,0,1
2020-03-26,Луганська,0,0,3
2020-03-27,Луганська,1,1,1
2020-03-28,Луганська,0,0,0
2020-03-29,Луганська,0,0,0
2020-03-30,Луганська,0,0,0
2020-03-31,Луганська,1,1,0
2020-04-01,Луганська,0,0,2
2020-04-02,Луганська,0,0,2
2020-04-03,Луганська,0,0,0
2020-04-04,Луганська,0,0,0
2020-04-05,Луганська,0,0,0
2020-04-06,Луганська,0,0,0
2020-04-07,Луганська,0,0,0
2020-04-08,Луганська,0,0,0
2020-04-09,Луганська,0,0,1
2020-04-10,Луганська,0,0,1
2020-04-11,Луганська,0,0,0
2020-04-12,Луганська,0,0,0
2020-04-13,Луганська,0,0,11
2020-04-14,Луганська,1,1,4
2020-04-15,Луганська,0,0,12
2020-04-16,Луганська,5,5,21
2020-04-17,Луганська,0,0,11
2020-04-18,Луганська,15,15,18
2020-04-19,Луганська,0,0,0
2020-04-20,Луганська,1,1,8
2020-04-21,Луганська,1,1,5
2020-04-22,Луганська,1,1,14
2020-04-23,Луганська,0,0,9
2020-04-24,Луганська,1,1,15
2020-04-25,Луганська,1,1,8
2020-04-26,Луганська,0,0,4
2020-04-27,Луганська,3,3,6
2020-04-28,Луганська,1,1,17
2020-04-29,Луганська,0,0,6
2020-04-30,Луганська,2,2,15
2020-05-01,Луганська,2,2,5
2020-05-02,Луганська,0,0,2
2020-05-03,Луганська,0,0,4
2020-05-04,Луганська,1,1,5
2020-05-05,Луганська,4,4,13
2020-05-06,Луганська,0,0,8
2020-05-07,Луганська,0,0,7
2020-05-08,Луганська,0,0,4
2020-05-09,Луганська,0,0,2
2020-05-10,Луганська,0,0,2
2020-05-11,Луганська,0,0,3
2020-05-12,Луганська,0,0,8
2020-05-13,Луганська,0,0,11
2020-05-14,Луганська,0,0,6
2020-05-15,Луганська,0,0,16
2020-05-16,Луганська,0,0,4
2020-05-17,Луганська,0,0,1
2020-05-18,Луганська,0,0,12
2020-05-19,Луганська,0,0,0
2020-05-20,Луганська,1,1,7
2020-05-21,Луганська,0,0,11
2020-05-22,Луганська,0,0,9
2020-05-23,Луганська,0,0,7
2020-05-24,Луганська,0,0,0
2020-05-25,Луганська,1,1,5
2020-05-26,Луганська,1,1,8
2020-05-27,Луганська,0,0,9
2020-05-28,Луганська,1,1,6
2020-05-29,Луганська,0,0,12
2020-05-30,Луганська,1,1,3
2020-05-31,Луганська,0,0,0
2020-06-01,Луганська,0,0,1
2020-06-02,Луганська,2,2,16
2020-06-03,Луганська,2,2,13
2020-06-04,Луганська,0,0,4
2020-06-05,Луганська,1,1,6
2020-06-06,Луганська,2,2,6
2020-06-07,Луганська,0,0,1
2020-06-08,Луганська,0,0,1
2020-06-09,Луганська,0,0,3
2020-06-10,Луганська,0,0,7
2020-06-11,Луганська,0,0,8
2020-06-12,Луганська,2,2,12
2020-06-13,Луганська,0,0,8
2020-06-14,Луганська,1,1,2
2020-06-15,Луганська,3,3,11
2020-06-16,Луганська,6,6,14
2020-06-17,Луганська,2,2,6
2020-06-18,Луганська,3,3,4
2020-06-19,Луганська,1,1,10
2020-06-20,Луганська,0,0,2
2020-06-21,Луганська,0,0,1
2020-06-22,Луганська,1,1,7
2020-06-23,Луганська,2,2,10
2020-06-24,Луганська,0,0,6
2020-06-25,Луганська,1,1,4
2020-06-26,Луганська,0,0,7
2020-06-27,Луганська,4,4,12
2020-06-28,Луганська,0,0,4
2020-06-29,Луганська,0,0,2
2020-06-30,Луганська,0,0,5
2020-07-01,Луганська,3,3,5
2020-07-02,Луганська,1,1,9
2020-07-03,Луганська,0,0,4
2020-07-04,Луганська,0,0,4
2020-07-05,Луганська,0,0,2
2020-07-06,Луганська,1,1,4
2020-07-07,Луганська,2,2,6
2020-07-08,Луганська,3,3,10
2020-01-27,Львівська,0,0,1
2020-01-29,Львівська,0,0,1
2020-03-13,Львівська,0,0,1
2020-03-16,Львівська,0,0,9
2020-03-17,Львівська,0,0,5
2020-03-18,Львівська,0,0,15
2020-03-19,Львівська,0,0,7
2020-03-20,Львівська,1,1,14
2020-03-21,Львівська,0,0,16
2020-03-22,Львівська,0,0,25
2020-03-23,Львівська,1,1,11
2020-03-24,Львівська,0,0,13
2020-03-25,Львівська,0,0,12
2020-03-26,Львівська,1,1,24
2020-03-27,Львівська,2,2,15
2020-03-28,Львівська,1,1,7
2020-03-29,Львівська,0,0,20
2020-03-30,Львівська,0,0,20
2020-03-31,Львівська,2,2,53
2020-04-01,Львівська,4,4,27
2020-04-02,Львівська,1,1,19
2020-04-03,Львівська,2,2,35
2020-04-04,Львівська,6,6,52
2020-04-05,Львівська,7,7,66
2020-04-06,Львівська,3,3,52
2020-04-07,Львівська,6,6,64
2020-04-08,Львівська,28,28,119
2020-04-09,Львівська,19,19,87
2020-04-10,Львівська,15,15,69
2020-04-11,Львівська,15,15,114
2020-04-12,Львівська,12,12,46
2020-04-13,Львівська,14,14,82
2020-04-14,Львівська,14,14,109
2020-04-15,Львівська,14,14,73
2020-04-16,Львівська,36,36,50
2020-04-17,Львівська,18,18,99
2020-04-18,Львівська,28,28,86
2020-04-19,Львівська,5,5,24
2020-04-20,Львівська,4,4,91
2020-04-21,Львівська,21,21,28
2020-04-22,Львівська,8,8,83
2020-04-23,Львівська,11,11,103
2020-04-24,Львівська,34,34,88
2020-04-25,Львівська,16,16,82
2020-04-26,Львівська,10,10,41
2020-04-27,Львівська,25,25,30
2020-04-28,Львівська,23,23,37
2020-04-29,Львівська,25,25,49
2020-04-30,Львівська,24,24,56
2020-05-01,Львівська,13,13,47
2020-05-02,Львівська,9,9,28
2020-05-03,Львівська,33,33,44
2020-05-04,Львівська,8,8,44
2020-05-05,Львівська,59,59,72
2020-05-06,Львівська,29,29,57
2020-05-07,Львівська,53,53,77
2020-05-08,Львівська,57,57,60
2020-05-09,Львівська,43,43,82
2020-05-10,Львівська,34,34,61
2020-05-11,Львівська,37,37,36
2020-05-12,Львівська,47,47,53
2020-05-13,Львівська,22,22,47
2020-05-14,Львівська,38,38,58
2020-05-15,Львівська,36,36,74
2020-05-16,Львівська,51,51,49
2020-05-17,Львівська,38,38,49
2020-05-18,Львівська,42,42,47
2020-05-19,Львівська,29,29,60
2020-05-20,Львівська,58,58,52
2020-05-21,Львівська,50,50,67
2020-05-22,Львівська,67,67,60
2020-05-23,Львівська,32,32,48
2020-05-24,Львівська,17,17,53
2020-05-25,Львівська,45,45,57
2020-05-26,Львівська,71,71,42
2020-05-27,Львівська,44,44,76
2020-05-28,Львівська,58,58,45
2020-05-29,Львівська,58,58,51
2020-05-30,Львівська,45,45,55
2020-05-31,Львівська,35,35,25
2020-06-01,Львівська,54,54,34
2020-06-02,Львівська,94,94,103
2020-06-03,Львівська,32,32,87
2020-06-04,Львівська,60,60,71
2020-06-05,Львівська,63,63,65
2020-06-06,Львівська,88,88,67
2020-06-07,Львівська,41,41,40
2020-06-08,Львівська,64,64,48
2020-06-09,Львівська,113,113,72
2020-06-10,Львівська,168,168,124
2020-06-11,Львівська,96,96,115
2020-06-12,Львівська,92,92,152
2020-06-13,Львівська,111,111,129
2020-06-14,Львівська,179,179,132
2020-06-15,Львівська,162,162,130
2020-06-16,Львівська,208,208,157
2020-06-17,Львівська,175,175,170
2020-06-18,Львівська,102,102,141
2020-06-19,Львівська,189,189,139
2020-06-20,Львівська,62,62,96
2020-06-21,Львівська,199,199,198
2020-06-22,Львівська,315,315,238
2020-06-23,Львівська,198,198,200
2020-06-24,Львівська,156,156,203
2020-06-25,Львівська,237,237,208
2020-06-26,Львівська,261,261,182
2020-06-27,Львівська,183,183,185
2020-06-28,Львівська,81,81,114
2020-06-29,Львівська,117,117,119
2020-06-30,Львівська,177,177,143
2020-07-01,Львівська,103,103,150
2020-07-02,Львівська,180,180,150
2020-07-03,Львівська,194,202,175
2020-07-04,Львівська,54,58,138
2020-07-05,Львівська,166,187,106
2020-07-06,Львівська,84,99,143
2020-07-07,Львівська,62,90,116
2020-07-08,Львівська,47,238,118
2020-03-03,м. Київ,0,0,1
2020-03-04,м. Київ,1,1,1
2020-03-05,м. Київ,0,0,0
2020-03-06,м. Київ,1,1,1
2020-03-07,м. Київ,1,1,1
2020-03-08,м. Київ,0,0,0
2020-03-09,м. Київ,0,0,1
2020-03-10,м. Київ,0,0,1
2020-03-11,м. Київ,0,0,0
2020-03-12,м. Київ,0,0,1
2020-03-13,м. Київ,0,0,3
2020-03-14,м. Київ,2,2,4
2020-03-15,м. Київ,1,1,2
2020-03-16,м. Київ,0,0,4
2020-03-17,м. Київ,1,1,9
2020-03-18,м. Київ,0,0,8
2020-03-19,м. Київ,2,2,19
2020-03-20,м. Київ,10,10,21
2020-03-21,м. Київ,13,13,23
2020-03-22,м. Київ,5,5,19
2020-03-23,м. Київ,6,6,36
2020-03-24,м. Київ,7,7,59
2020-03-25,м. Київ,11,11,40
2020-03-26,м. Київ,16,16,53
2020-03-27,м. Київ,9,9,75
2020-03-28,м. Київ,8,8,56
2020-03-29,м. Київ,26,26,59
2020-03-30,м. Київ,8,8,120
2020-03-31,м. Київ,29,29,108
2020-04-01,м. Київ,54,54,153
2020-04-02,м. Київ,15,15,121
2020-04-03,м. Київ,38,38,179
2020-04-04,м. Київ,22,22,88
2020-04-05,м. Київ,18,18,59
2020-04-06,м. Київ,15,15,133
2020-04-07,м. Київ,20,20,181
2020-04-08,м. Київ,63,63,197
2020-04-09,м. Київ,26,26,186
2020-04-10,м. Київ,73,73,245
2020-04-11,м. Київ,26,26,107
2020-04-12,м. Київ,66,66,142
2020-04-13,м. Київ,22,22,38
2020-04-14,м. Київ,41,41,273
2020-04-15,м. Київ,71,71,212
2020-04-16,м. Київ,107,107,259
2020-04-17,м. Київ,57,57,205
2020-04-18,м. Київ,59,59,142
2020-04-19,м. Київ,59,59,87
2020-04-20,м. Київ,42,42,83
2020-04-21,м. Київ,30,30,148
2020-04-22,м. Київ,79,79,229
2020-04-23,м. Київ,46,46,230
2020-04-24,м. Київ,57,57,205
2020-04-25,м. Київ,23,23,95
2020-04-26,м. Київ,34,34,84
2020-04-27,м. Київ,39,39,164
2020-04-28,м. Київ,56,56,163
2020-04-29,м. Київ,59,59,157
2020-04-30,м. Київ,35,35,170
2020-05-01,м. Київ,13,13,74
2020-05-02,м. Київ,10,10,62
2020-05-03,м. Київ,63,63,72
2020-05-04,м. Київ,53,53,151
2020-05-05,м. Київ,54,54,173
2020-05-06,м. Київ,11,11,133
2020-05-07,м. Київ,60,60,178
2020-05-08,м. Київ,61,61,149
2020-05-09,м. Київ,41,41,75
2020-05-10,м. Київ,98,98,83
2020-05-11,м. Київ,32,32,35
2020-05-12,м. Київ,53,53,127
2020-05-13,м. Київ,64,64,177
2020-05-14,м. Київ,70,70,136
2020-05-15,м. Київ,97,97,175
2020-05-16,м. Київ,89,89,102
2020-05-17,м. Київ,45,45,57
2020-05-18,м. Київ,6,6,81
2020-05-19,м. Київ,37,37,129
2020-05-20,м. Київ,65,65,129
2020-05-21,м. Київ,16,16,103
2020-05-22,м. Київ,60,60,123
2020-05-23,м. Київ,63,63,96
2020-05-24,м. Київ,44,44,74
2020-05-25,м. Київ,32,32,81
2020-05-26,м. Київ,69,69,65
2020-05-27,м. Київ,61,61,121
2020-05-28,м. Київ,93,93,140
2020-05-29,м. Київ,101,101,143
2020-05-30,м. Київ,52,52,112
2020-05-31,м. Київ,39,39,92
2020-06-01,м. Київ,58,58,81
2020-06-02,м. Київ,79,79,128
2020-06-03,м. Київ,59,59,155
2020-06-04,м. Київ,79,79,142
2020-06-05,м. Київ,58,58,125
2020-06-06,м. Київ,71,71,130
2020-06-07,м. Київ,86,86,114
2020-06-08,м. Київ,64,64,86
2020-06-09,м. Київ,56,56,79
2020-06-10,м. Київ,70,70,128
2020-06-11,м. Київ,52,52,158
2020-06-12,м. Київ,55,55,101
2020-06-13,м. Київ,38,38,117
2020-06-14,м. Київ,36,36,82
2020-06-15,м. Київ,25,25,144
2020-06-16,м. Київ,61,61,181
2020-06-17,м. Київ,57,57,156
2020-06-18,м. Київ,47,47,180
2020-06-19,м. Київ,62,62,192
2020-06-20,м. Київ,49,49,94
2020-06-21,м. Київ,17,17,54
2020-06-22,м. Київ,74,74,172
2020-06-23,м. Київ,61,61,172
2020-06-24,м. Київ,90,90,217
2020-06-25,м. Київ,104,104,177
2020-06-26,м. Київ,72,72,166
2020-06-27,м. Київ,56,56,94
2020-06-28,м. Київ,106,106,57
2020-06-29,м. Київ,42,42,89
2020-06-30,м. Київ,118,118,202
2020-07-01,м. Київ,154,154,204
2020-07-02,м. Київ,118,118,160
2020-07-03,м. Київ,65,65,214
2020-07-04,м. Київ,107,107,91
2020-07-05,м. Київ,79,80,75
2020-07-06,м. Київ,150,179,156
2020-07-07,м. Київ,124,216,193
2020-07-08,м. Київ,12,93,128
2020-02-10,Миколаївська,0,0,1
2020-03-11,Миколаївська,0,0,1
2020-03-13,Миколаївська,0,0,1
2020-03-14,Миколаївська,0,0,1
2020-03-15,Миколаївська,0,0,5
2020-03-16,Миколаївська,0,0,1
2020-03-17,Миколаївська,0,0,2
2020-03-19,Миколаївська,0,0,1
2020-03-20,Миколаївська,0,0,3
2020-03-21,Миколаївська,0,0,3
2020-03-22,Миколаївська,0,0,3
2020-03-23,Миколаївська,0,0,4
2020-03-24,Миколаївська,0,0,5
2020-03-25,Миколаївська,0,0,2
2020-03-26,Миколаївська,0,0,4
2020-03-27,Миколаївська,0,0,6
2020-03-28,Миколаївська,0,0,2
2020-03-30,Миколаївська,0,0,1
2020-03-31,Миколаївська,0,0,4
2020-04-01,Миколаївська,0,0,5
2020-04-02,Миколаївська,0,0,4
2020-04-03,Миколаївська,0,0,2
2020-04-04,Миколаївська,0,0,2
2020-04-05,Миколаївська,0,0,1
2020-04-06,Миколаївська,0,0,3
2020-04-07,Миколаївська,0,0,10
2020-04-08,Миколаївська,0,0,10
2020-04-09,Миколаївська,0,0,15
2020-04-10,Миколаївська,2,2,15
2020-04-11,Миколаївська,3,3,7
2020-04-12,Миколаївська,0,0,1
2020-04-13,Миколаївська,9,9,17
2020-04-14,Миколаївська,8,8,26
2020-04-15,Миколаївська,0,0,16
2020-04-16,Миколаївська,9,9,19
2020-04-17,Миколаївська,4,4,21
2020-04-18,Миколаївська,2,2,7
2020-04-19,Миколаївська,0,0,2
2020-04-20,Миколаївська,45,45,45
2020-04-21,Миколаївська,17,17,25
2020-04-22,Миколаївська,4,4,25
2020-04-23,Миколаївська,0,0,17
2020-04-24,Миколаївська,8,8,25
2020-04-25,Миколаївська,4,4,5
2020-04-26,Миколаївська,1,1,2
2020-04-27,Миколаївська,0,0,10
2020-04-28,Миколаївська,4,4,21
2020-04-29,Миколаївська,6,6,11
2020-04-30,Миколаївська,14,14,25
2020-05-01,Миколаївська,9,9,10
2020-05-02,Миколаївська,12,12,15
2020-05-03,Миколаївська,2,2,5
2020-05-04,Миколаївська,2,2,19
2020-05-05,Миколаївська,6,6,18
2020-05-06,Миколаївська,8,8,19
2020-05-07,Миколаївська,22,22,28
2020-05-08,Миколаївська,4,4,17
2020-05-09,Миколаївська,18,18,21
2020-05-10,Миколаївська,2,2,6
2020-05-11,Миколаївська,0,0,3
2020-05-12,Миколаївська,3,3,8
2020-05-13,Миколаївська,0,0,7
2020-05-14,Миколаївська,8,8,18
2020-05-15,Миколаївська,2,2,7
2020-05-16,Миколаївська,3,3,8
2020-05-17,Миколаївська,22,22,24
2020-05-18,Миколаївська,1,1,8
2020-05-19,Миколаївська,4,4,15
2020-05-20,Миколаївська,9,9,15
2020-05-21,Миколаївська,3,3,11
2020-05-22,Миколаївська,0,0,10
2020-05-23,Миколаївська,1,1,0
2020-05-24,Миколаївська,0,0,2
2020-05-25,Миколаївська,0,0,7
2020-05-26,Миколаївська,1,1,5
2020-05-27,Миколаївська,2,2,8
2020-05-28,Миколаївська,4,4,13
2020-05-29,Миколаївська,6,6,7
2020-05-30,Миколаївська,1,1,9
2020-05-31,Миколаївська,0,0,2
2020-06-01,Миколаївська,0,0,6
2020-06-02,Миколаївська,0,0,8
2020-06-03,Миколаївська,12,12,1
2020-06-04,Миколаївська,0,0,16
2020-06-05,Миколаївська,2,2,3
2020-06-06,Миколаївська,0,0,2
2020-06-07,Миколаївська,0,0,0
2020-06-08,Миколаївська,1,1,3
2020-06-09,Миколаївська,1,1,11
2020-06-10,Миколаївська,5,5,5
2020-06-11,Миколаївська,3,3,6
2020-06-12,Миколаївська,2,2,10
2020-06-13,Миколаївська,0,0,5
2020-06-14,Миколаївська,0,0,2
2020-06-15,Миколаївська,2,2,15
2020-06-16,Миколаївська,0,0,17
2020-06-17,Миколаївська,15,15,10
2020-06-18,Миколаївська,11,11,21
2020-06-19,Миколаївська,9,9,19
2020-06-20,Миколаївська,8,8,14
2020-06-21,Миколаївська,1,1,2
2020-06-22,Миколаївська,2,2,17
2020-06-23,Миколаївська,7,7,12
2020-06-24,Миколаївська,6,6,15
2020-06-25,Миколаївська,9,9,16
2020-06-26,Миколаївська,42,42,10
2020-06-27,Миколаївська,6,6,38
2020-06-28,Миколаївська,5,5,5
2020-06-29,Миколаївська,3,3,6
2020-06-30,Миколаївська,0,0,15
2020-07-01,Миколаївська,3,3,8
2020-07-02,Миколаївська,5,5,8
2020-07-03,Миколаївська,3,3,25
2020-07-04,Миколаївська,3,3,1
2020-07-05,Миколаївська,0,0,1
2020-07-06,Миколаївська,2,2,25
2020-07-07,Миколаївська,2,2,18
2020-07-08,Миколаївська,0,12,7
2020-03-04,Одеська,0,0,1
2020-03-10,Одеська,0,0,1
2020-03-12,Одеська,0,0,1
2020-03-13,Одеська,0,0,3
2020-03-14,Одеська,0,0,1
2020-03-16,Одеська,0,0,1
2020-03-17,Одеська,0,0,8
2020-03-18,Одеська,0,0,16
2020-03-19,Одеська,0,0,3
2020-03-20,Одеська,0,0,8
2020-03-21,Одеська,0,0,11
2020-03-22,Одеська,0,0,5
2020-03-23,Одеська,0,0,10
2020-03-24,Одеська,1,1,14
2020-03-25,Одеська,3,3,11
2020-03-26,Одеська,1,1,13
2020-03-27,Одеська,1,1,16
2020-03-28,Одеська,2,2,9
2020-03-29,Одеська,0,0,38
2020-03-30,Одеська,3,3,19
2020-03-31,Одеська,1,1,22
2020-04-01,Одеська,3,3,14
2020-04-02,Одеська,6,6,43
2020-04-03,Одеська,4,4,54
2020-04-04,Одеська,0,0,27
2020-04-05,Одеська,1,1,24
2020-04-06,Одеська,3,3,28
2020-04-07,Одеська,2,2,39
2020-04-08,Одеська,10,10,35
2020-04-09,Одеська,7,7,40
2020-04-10,Одеська,3,3,45
2020-04-11,Одеська,14,14,44
2020-04-12,Одеська,2,2,9
2020-04-13,Одеська,0,0,16
2020-04-14,Одеська,1,1,37
2020-04-15,Одеська,1,1,44
2020-04-16,Одеська,19,19,41
2020-04-17,Одеська,14,14,61
2020-04-18,Одеська,12,12,42
2020-04-19,Одеська,18,18,29
2020-04-20,Одеська,9,9,19
2020-04-21,Одеська,5,5,40
2020-04-22,Одеська,15,15,58
2020-04-23,Одеська,5,5,50
2020-04-24,Одеська,13,13,30
2020-04-25,Одеська,35,35,66
2020-04-26,Одеська,24,24,33
2020-04-27,Одеська,10,10,27
2020-04-28,Одеська,21,21,20
2020-04-29,Одеська,11,11,45
2020-04-30,Одеська,21,21,36
2020-05-01,Одеська,35,35,45
2020-05-02,Одеська,73,73,82
2020-05-03,Одеська,29,29,38
2020-05-04,Одеська,30,30,58
2020-05-05,Одеська,37,37,61
2020-05-06,Одеська,75,75,79
2020-05-07,Одеська,29,29,31
2020-05-08,Одеська,24,24,53
2020-05-09,Одеська,16,16,21
2020-05-10,Одеська,5,5,20
2020-05-11,Одеська,11,11,18
2020-05-12,Одеська,24,24,47
2020-05-13,Одеська,10,10,21
2020-05-14,Одеська,35,35,38
2020-05-15,Одеська,4,4,38
2020-05-16,Одеська,19,19,13
2020-05-17,Одеська,12,12,28
2020-05-18,Одеська,15,15,24
2020-05-19,Одеська,8,8,22
2020-05-20,Одеська,11,11,14
2020-05-21,Одеська,12,12,9
2020-05-22,Одеська,3,3,18
2020-05-23,Одеська,5,5,13
2020-05-24,Одеська,8,8,17
2020-05-25,Одеська,9,9,13
2020-05-26,Одеська,9,9,18
2020-05-27,Одеська,15,15,13
2020-05-28,Одеська,12,12,21
2020-05-29,Одеська,2,2,19
2020-05-30,Одеська,7,7,12
2020-05-31,Одеська,10,10,9
2020-06-01,Одеська,10,10,13
2020-06-02,Одеська,13,13,20
2020-06-03,Одеська,25,25,26
2020-06-04,Одеська,32,32,39
2020-06-05,Одеська,14,14,15
2020-06-06,Одеська,12,12,13
2020-06-07,Одеська,10,10,12
2020-06-08,Одеська,9,9,12
2020-06-09,Одеська,16,16,27
2020-06-10,Одеська,21,21,41
2020-06-11,Одеська,16,16,42
2020-06-12,Одеська,18,18,32
2020-06-13,Одеська,14,14,23
2020-06-14,Одеська,20,20,28
2020-06-15,Одеська,9,9,21
2020-06-16,Одеська,24,24,46
2020-06-17,Одеська,33,33,61
2020-06-18,Одеська,24,24,25
2020-06-19,Одеська,16,16,48
2020-06-20,Одеська,40,40,45
2020-06-21,Одеська,31,31,36
2020-06-22,Одеська,48,48,43
2020-06-23,Одеська,43,43,51
2020-06-24,Одеська,82,82,101
2020-06-25,Одеська,63,63,69
2020-06-26,Одеська,53,53,54
2020-06-27,Одеська,24,24,28
2020-06-28,Одеська,84,84,37
2020-06-29,Одеська,26,26,65
2020-06-30,Одеська,11,11,22
2020-07-01,Одеська,24,24,35
2020-07-02,Одеська,67,67,62
2020-07-03,Одеська,27,27,54
2020-07-04,Одеська,25,25,30
2020-07-05,Одеська,23,23,29
2020-07-06,Одеська,35,36,43
2020-07-07,Одеська,81,84,73
2020-07-08,Одеська,34,47,85
2020-03-13,Полтавська,0,0,2
2020-03-25,Полтавська,0,0,2
2020-03-26,Полтавська,0,0,6
2020-03-27,Полтавська,1,1,2
2020-03-28,Полтавська,0,0,0
2020-03-29,Полтавська,0,0,3
2020-03-30,Полтавська,0,0,2
2020-03-31,Полтавська,1,1,12
2020-04-01,Полтавська,2,2,5
2020-04-02,Полтавська,0,0,9
2020-04-03,Полтавська,4,4,8
2020-04-04,Полтавська,1,1,24
2020-04-05,Полтавська,3,3,5
2020-04-06,Полтавська,0,0,14
2020-04-07,Полтавська,5,5,15
2020-04-08,Полтавська,2,2,13
2020-04-09,Полтавська,1,1,23
2020-04-10,Полтавська,4,4,12
2020-04-11,Полтавська,1,1,18
2020-04-12,Полтавська,0,0,1
2020-04-13,Полтавська,1,1,20
2020-04-14,Полтавська,2,2,20
2020-04-15,Полтавська,0,0,47
2020-04-16,Полтавська,13,13,36
2020-04-17,Полтавська,10,10,37
2020-04-18,Полтавська,11,11,30
2020-04-19,Полтавська,2,2,14
2020-04-20,Полтавська,38,38,35
2020-04-21,Полтавська,18,18,36
2020-04-22,Полтавська,42,42,56
2020-04-23,Полтавська,0,0,50
2020-04-24,Полтавська,9,9,29
2020-04-25,Полтавська,0,0,28
2020-04-26,Полтавська,4,4,10
2020-04-27,Полтавська,4,4,36
2020-04-28,Полтавська,8,8,32
2020-04-29,Полтавська,16,16,36
2020-04-30,Полтавська,8,8,36
2020-05-01,Полтавська,0,0,10
2020-05-02,Полтавська,10,10,18
2020-05-03,Полтавська,6,6,9
2020-05-04,Полтавська,5,5,18
2020-05-05,Полтавська,2,2,33
2020-05-06,Полтавська,2,2,23
2020-05-07,Полтавська,3,3,11
2020-05-08,Полтавська,1,1,22
2020-05-09,Полтавська,6,6,12
2020-05-10,Полтавська,1,1,9
2020-05-11,Полтавська,1,1,9
2020-05-12,Полтавська,9,9,25
2020-05-13,Полтавська,1,1,23
2020-05-14,Полтавська,0,0,16
2020-05-15,Полтавська,5,5,30
2020-05-16,Полтавська,1,1,19
2020-05-17,Полтавська,0,0,8
2020-05-18,Полтавська,0,0,22
2020-05-19,Полтавська,1,1,20
2020-05-20,Полтавська,1,1,13
2020-05-21,Полтавська,0,0,11
2020-05-22,Полтавська,0,0,14
2020-05-23,Полтавська,0,0,6
2020-05-24,Полтавська,0,0,5
2020-05-25,Полтавська,1,1,27
2020-05-26,Полтавська,1,1,14
2020-05-27,Полтавська,0,0,16
2020-05-28,Полтавська,1,1,16
2020-05-29,Полтавська,0,0,20
2020-05-30,Полтавська,1,1,5
2020-05-31,Полтавська,0,0,5
2020-06-01,Полтавська,1,1,23
2020-06-02,Полтавська,1,1,10
2020-06-03,Полтавська,0,0,13
2020-06-04,Полтавська,0,0,20
2020-06-05,Полтавська,1,1,13
2020-06-06,Полтавська,0,0,4
2020-06-07,Полтавська,1,1,10
2020-06-08,Полтавська,1,1,5
2020-06-09,Полтавська,1,1,19
2020-06-10,Полтавська,1,1,15
2020-06-11,Полтавська,0,0,18
2020-06-12,Полтавська,0,0,17
2020-06-13,Полтавська,0,0,9
2020-06-14,Полтавська,2,2,1
2020-06-15,Полтавська,0,0,17
2020-06-16,Полтавська,2,2,12
2020-06-17,Полтавська,5,5,13
2020-06-18,Полтавська,3,3,12
2020-06-19,Полтавська,1,1,14
2020-06-20,Полтавська,1,1,2
2020-06-21,Полтавська,1,1,12
2020-06-22,Полтавська,3,3,27
2020-06-23,Полтавська,3,3,17
2020-06-24,Полтавська,2,2,12
2020-06-25,Полтавська,2,2,10
2020-06-26,Полтавська,5,5,21
2020-06-27,Полтавська,2,2,14
2020-06-28,Полтавська,2,2,13
2020-06-29,Полтавська,2,2,15
2020-06-30,Полтавська,5,5,20
2020-07-01,Полтавська,1,1,11
2020-07-02,Полтавська,2,2,20
2020-07-03,Полтавська,0,0,21
2020-07-04,Полтавська,1,1,12
2020-07-05,Полтавська,0,0,3
2020-07-06,Полтавська,2,2,22
2020-07-07,Полтавська,2,2,7
2020-07-08,Полтавська,1,1,1
2020-01-22,Рівненська,0,0,1
2020-02-24,Рівненська,0,0,3
2020-03-13,Рівненська,0,0,1
2020-03-14,Рівненська,1,1,3
2020-03-15,Рівненська,0,0,0
2020-03-16,Рівненська,0,0,2
2020-03-17,Рівненська,0,0,2
2020-03-18,Рівненська,0,0,4
2020-03-19,Рівненська,0,0,3
2020-03-20,Рівненська,0,0,2
2020-03-21,Рівненська,0,0,7
2020-03-22,Рівненська,0,0,2
2020-03-23,Рівненська,0,0,4
2020-03-24,Рівненська,0,0,1
2020-03-25,Рівненська,0,0,2
2020-03-26,Рівненська,9,9,20
2020-03-27,Рівненська,0,0,8
2020-03-28,Рівненська,0,0,6
2020-03-29,Рівненська,2,2,3
2020-03-30,Рівненська,3,3,10
2020-03-31,Рівненська,3,3,21
2020-04-01,Рівненська,4,4,21
2020-04-02,Рівненська,7,7,34
2020-04-03,Рівненська,6,6,33
2020-04-04,Рівненська,7,7,7
2020-04-05,Рівненська,1,1,15
2020-04-06,Рівненська,5,5,23
2020-04-07,Рівненська,10,10,56
2020-04-08,Рівненська,13,13,38
2020-04-09,Рівненська,19,19,45
2020-04-10,Рівненська,28,28,58
2020-04-11,Рівненська,8,8,32
2020-04-12,Рівненська,5,5,14
2020-04-13,Рівненська,21,21,136
2020-04-14,Рівненська,53,53,143
2020-04-15,Рівненська,38,38,27
2020-04-16,Рівненська,33,33,36
2020-04-17,Рівненська,24,24,37
2020-04-18,Рівненська,16,16,21
2020-04-19,Рівненська,8,8,12
2020-04-20,Рівненська,24,24,170
2020-04-21,Рівненська,22,22,182
2020-04-22,Рівненська,49,49,130
2020-04-23,Рівненська,41,41,143
2020-04-24,Рівненська,51,51,200
2020-04-25,Рівненська,23,23,14
2020-04-26,Рівненська,12,12,20
2020-04-27,Рівненська,20,20,211
2020-04-28,Рівненська,48,48,191
2020-04-29,Рівненська,43,43,200
2020-04-30,Рівненська,33,33,226
2020-05-01,Рівненська,33,33,22
2020-05-02,Рівненська,26,26,24
2020-05-03,Рівненська,22,22,29
2020-05-04,Рівненська,16,16,212
2020-05-05,Рівненська,43,43,268
2020-05-06,Рівненська,47,47,200
2020-05-07,Рівненська,47,47,318
2020-05-08,Рівненська,31,31,211
2020-05-09,Рівненська,52,52,46
2020-05-10,Рівненська,16,16,11
2020-05-11,Рівненська,11,11,38
2020-05-12,Рівненська,36,36,250
2020-05-13,Рівненська,21,21,202
2020-05-14,Рівненська,20,20,217
2020-05-15,Рівненська,39,39,230
2020-05-16,Рівненська,34,34,46
2020-05-17,Рівненська,8,8,8
2020-05-18,Рівненська,38,38,274
2020-05-19,Рівненська,31,31,223
2020-05-20,Рівненська,70,70,196
2020-05-21,Рівненська,45,45,350
2020-05-22,Рівненська,41,41,206
2020-05-23,Рівненська,18,18,226
2020-05-24,Рівненська,21,21,39
2020-05-25,Рівненська,60,60,292
2020-05-26,Рівненська,44,44,249
2020-05-27,Рівненська,55,55,277
2020-05-28,Рівненська,60,60,214
2020-05-29,Рівненська,52,52,321
2020-05-30,Рівненська,65,65,47
2020-05-31,Рівненська,8,8,21
2020-06-01,Рівненська,63,63,251
2020-06-02,Рівненська,53,53,250
2020-06-03,Рівненська,37,37,144
2020-06-04,Рівненська,62,62,196
2020-06-05,Рівненська,42,42,183
2020-06-06,Рівненська,32,32,57
2020-06-07,Рівненська,11,11,20
2020-06-08,Рівненська,26,26,21
2020-06-09,Рівненська,32,32,255
2020-06-10,Рівненська,93,93,276
2020-06-11,Рівненська,97,97,299
2020-06-12,Рівненська,54,54,261
2020-06-13,Рівненська,69,69,71
2020-06-14,Рівненська,13,13,57
2020-06-15,Рівненська,24,24,269
2020-06-16,Рівненська,57,57,63
2020-06-17,Рівненська,61,61,116
2020-06-18,Рівненська,107,107,166
2020-06-19,Рівненська,114,114,127
2020-06-20,Рівненська,73,73,97
2020-06-21,Рівненська,63,63,14
2020-06-22,Рівненська,73,73,194
2020-06-23,Рівненська,110,110,130
2020-06-24,Рівненська,71,71,146
2020-06-25,Рівненська,101,101,194
2020-06-26,Рівненська,135,135,153
2020-06-27,Рівненська,58,58,42
2020-06-28,Рівненська,62,62,39
2020-06-29,Рівненська,63,63,70
2020-06-30,Рівненська,160,160,154
2020-07-01,Рівненська,103,103,125
2020-07-02,Рівненська,76,76,96
2020-07-03,Рівненська,69,69,114
2020-07-04,Рівненська,70,70,42
2020-07-05,Рівненська,71,71,58
2020-07-06,Рівненська,37,37,105
2020-07-07,Рівненська,69,78,83
2020-07-08,Рівненська,69,114,44
2020-03-10,Сумська,0,0,1
2020-03-16,Сумська,0,0,4
2020-03-17,Сумська,0,0,4
2020-03-19,Сумська,0,0,1
2020-03-20,Сумська,0,0,5
2020-03-21,Сумська,0,0,1
2020-03-22,Сумська,0,0,3
2020-03-23,Сумська,0,0,4
2020-03-24,Сумська,0,0,6
2020-03-25,Сумська,1,1,3
2020-03-26,Сумська,1,1,7
2020-03-27,Сумська,3,3,6
2020-03-28,Сумська,1,1,5
2020-03-29,Сумська,3,3,4
2020-03-30,Сумська,8,8,17
2020-03-31,Сумська,2,2,12
2020-04-01,Сумська,7,7,18
2020-04-02,Сумська,4,4,16
2020-04-03,Сумська,7,7,14
2020-04-04,Сумська,12,12,12
2020-04-05,Сумська,2,2,4
2020-04-06,Сумська,5,5,7
2020-04-07,Сумська,0,0,10
2020-04-08,Сумська,1,1,9
2020-04-09,Сумська,9,9,22
2020-04-10,Сумська,3,3,18
2020-04-11,Сумська,4,4,6
2020-04-12,Сумська,1,1,2
2020-04-13,Сумська,0,0,10
2020-04-14,Сумська,3,3,26
2020-04-15,Сумська,4,4,13
2020-04-16,Сумська,0,0,15
2020-04-17,Сумська,1,1,24
2020-04-18,Сумська,1,1,6
2020-04-19,Сумська,1,1,4
2020-04-20,Сумська,0,0,5
2020-04-21,Сумська,2,2,11
2020-04-22,Сумська,4,4,26
2020-04-23,Сумська,0,0,11
2020-04-24,Сумська,4,4,23
2020-04-25,Сумська,1,1,5
2020-04-26,Сумська,0,0,2
2020-04-27,Сумська,3,3,19
2020-04-28,Сумська,0,0,15
2020-04-29,Сумська,4,4,24
2020-04-30,Сумська,0,0,11
2020-05-01,Сумська,2,2,6
2020-05-02,Сумська,5,5,8
2020-05-03,Сумська,2,2,7
2020-05-04,Сумська,9,9,26
2020-05-05,Сумська,10,10,28
2020-05-06,Сумська,11,11,25
2020-05-07,Сумська,7,7,24
2020-05-08,Сумська,3,3,17
2020-05-09,Сумська,2,2,4
2020-05-10,Сумська,0,0,4
2020-05-11,Сумська,3,3,6
2020-05-12,Сумська,2,2,10
2020-05-13,Сумська,0,0,14
2020-05-14,Сумська,3,3,6
2020-05-15,Сумська,1,1,15
2020-05-16,Сумська,0,0,4
2020-05-17,Сумська,2,2,4
2020-05-18,Сумська,0,0,11
2020-05-19,Сумська,0,0,10
2020-05-20,Сумська,1,1,17
2020-05-21,Сумська,0,0,12
2020-05-22,Сумська,0,0,17
2020-05-23,Сумська,0,0,7
2020-05-24,Сумська,0,0,3
2020-05-25,Сумська,0,0,7
2020-05-26,Сумська,0,0,9
2020-05-27,Сумська,0,0,7
2020-05-28,Сумська,2,2,17
2020-05-29,Сумська,1,1,11
2020-05-30,Сумська,0,0,11
2020-05-31,Сумська,2,2,7
2020-06-01,Сумська,3,3,21
2020-06-02,Сумська,1,1,17
2020-06-03,Сумська,3,3,16
2020-06-04,Сумська,11,11,20
2020-06-05,Сумська,4,4,17
2020-06-06,Сумська,1,1,4
2020-06-07,Сумська,3,3,10
2020-06-08,Сумська,2,2,5
2020-06-09,Сумська,0,0,16
2020-06-10,Сумська,5,5,13
2020-06-11,Сумська,1,1,21
2020-06-12,Сумська,5,5,19
2020-06-13,Сумська,12,12,11
2020-06-14,Сумська,6,6,15
2020-06-15,Сумська,1,1,22
2020-06-16,Сумська,2,2,17
2020-06-17,Сумська,7,7,22
2020-06-18,Сумська,9,9,23
2020-06-19,Сумська,6,6,26
2020-06-20,Сумська,5,5,8
2020-06-21,Сумська,1,1,4
2020-06-22,Сумська,5,5,21
2020-06-23,Сумська,9,9,27
2020-06-24,Сумська,5,5,25
2020-06-25,Сумська,7,7,20
2020-06-26,Сумська,6,6,19
2020-06-27,Сумська,5,5,13
2020-06-28,Сумська,1,1,4
2020-06-29,Сумська,1,1,6
2020-06-30,Сумська,2,2,23
2020-07-01,Сумська,4,4,16
2020-07-02,Сумська,1,1,19
2020-07-03,Сумська,6,6,26
2020-07-04,Сумська,8,8,12
2020-07-05,Сумська,3,3,15
2020-07-06,Сумська,0,0,13
2020-07-07,Сумська,2,2,22
2020-07-08,Сумська,5,5,15
2020-03-01,Тернопільська,0,0,1
2020-03-06,Тернопільська,0,0,1
2020-03-10,Тернопільська,0,0,1
2020-03-11,Тернопільська,0,0,1
2020-03-13,Тернопільська,0,0,2
2020-03-14,Тернопільська,0,0,1
2020-03-15,Тернопільська,0,0,1
2020-03-16,Тернопільська,0,0,4
2020-03-17,Тернопільська,0,0,2
2020-03-18,Тернопільська,0,0,3
2020-03-19,Тернопільська,0,0,3
2020-03-20,Тернопільська,1,1,0
2020-03-21,Тернопільська,0,0,3
2020-03-22,Тернопільська,0,0,9
2020-03-23,Тернопільська,1,1,2
2020-03-24,Тернопільська,3,3,9
2020-03-25,Тернопільська,10,10,20
2020-03-26,Тернопільська,11,11,14
2020-03-27,Тернопільська,17,17,26
2020-03-28,Тернопільська,14,14,17
2020-03-29,Тернопільська,3,3,7
2020-03-30,Тернопільська,18,18,26
2020-03-31,Тернопільська,20,20,34
2020-04-01,Тернопільська,13,13,21
2020-04-02,Тернопільська,8,8,19
2020-04-03,Тернопільська,16,16,49
2020-04-04,Тернопільська,25,25,21
2020-04-05,Тернопільська,0,0,2
2020-04-06,Тернопільська,8,8,39
2020-04-07,Тернопільська,0,0,20
2020-04-08,Тернопільська,1,1,19
2020-04-09,Тернопільська,27,27,40
2020-04-10,Тернопільська,12,12,26
2020-04-11,Тернопільська,35,35,39
2020-04-12,Тернопільська,30,30,23
2020-04-13,Тернопільська,7,7,39
2020-04-14,Тернопільська,7,7,28
2020-04-15,Тернопільська,46,46,66
2020-04-16,Тернопільська,20,20,43
2020-04-17,Тернопільська,13,13,49
2020-04-18,Тернопільська,24,24,18
2020-04-19,Тернопільська,24,24,24
2020-04-20,Тернопільська,21,21,24
2020-04-21,Тернопільська,36,36,72
2020-04-22,Тернопільська,28,28,59
2020-04-23,Тернопільська,33,33,56
2020-04-24,Тернопільська,33,33,77
2020-04-25,Тернопільська,42,42,39
2020-04-26,Тернопільська,5,5,10
2020-04-27,Тернопільська,52,52,109
2020-04-28,Тернопільська,44,44,60
2020-04-29,Тернопільська,71,71,117
2020-04-30,Тернопільська,14,14,42
2020-05-01,Тернопільська,30,30,33
2020-05-02,Тернопільська,45,45,38
2020-05-03,Тернопільська,28,28,21
2020-05-04,Тернопільська,27,27,83
2020-05-05,Тернопільська,12,12,52
2020-05-06,Тернопільська,16,16,40
2020-05-07,Тернопільська,8,8,39
2020-05-08,Тернопільська,18,18,40
2020-05-09,Тернопільська,22,22,15
2020-05-10,Тернопільська,19,19,15
2020-05-11,Тернопільська,3,3,11
2020-05-12,Тернопільська,7,7,49
2020-05-13,Тернопільська,5,5,53
2020-05-14,Тернопільська,27,27,40
2020-05-15,Тернопільська,5,5,38
2020-05-16,Тернопільська,13,13,14
2020-05-17,Тернопільська,3,3,10
2020-05-18,Тернопільська,0,0,28
2020-05-19,Тернопільська,8,8,29
2020-05-20,Тернопільська,9,9,35
2020-05-21,Тернопільська,7,7,27
2020-05-22,Тернопільська,3,3,15
2020-05-23,Тернопільська,7,7,17
2020-05-24,Тернопільська,6,6,8
2020-05-25,Тернопільська,3,3,27
2020-05-26,Тернопільська,2,2,26
2020-05-27,Тернопільська,5,5,19
2020-05-28,Тернопільська,14,14,23
2020-05-29,Тернопільська,15,15,41
2020-05-30,Тернопільська,9,9,11
2020-05-31,Тернопільська,7,7,7
2020-06-01,Тернопільська,4,4,38
2020-06-02,Тернопільська,20,20,29
2020-06-03,Тернопільська,20,20,41
2020-06-04,Тернопільська,14,14,36
2020-06-05,Тернопільська,21,21,42
2020-06-06,Тернопільська,20,20,27
2020-06-07,Тернопільська,19,19,19
2020-06-08,Тернопільська,11,11,16
2020-06-09,Тернопільська,9,9,40
2020-06-10,Тернопільська,36,36,53
2020-06-11,Тернопільська,23,23,43
2020-06-12,Тернопільська,31,31,61
2020-06-13,Тернопільська,23,23,42
2020-06-14,Тернопільська,40,40,27
2020-06-15,Тернопільська,16,16,26
2020-06-16,Тернопільська,27,27,98
2020-06-17,Тернопільська,32,32,69
2020-06-18,Тернопільська,62,62,66
2020-06-19,Тернопільська,38,38,87
2020-06-20,Тернопільська,45,45,57
2020-06-21,Тернопільська,40,40,26
2020-06-22,Тернопільська,16,16,68
2020-06-23,Тернопільська,42,42,103
2020-06-24,Тернопільська,29,29,59
2020-06-25,Тернопільська,42,42,74
2020-06-26,Тернопільська,19,19,70
2020-06-27,Тернопільська,17,17,9
2020-06-28,Тернопільська,20,20,19
2020-06-29,Тернопільська,6,6,14
2020-06-30,Тернопільська,11,11,67
2020-07-01,Тернопільська,29,29,64
2020-07-02,Тернопільська,31,31,104
2020-07-03,Тернопільська,34,34,109
2020-07-04,Тернопільська,46,46,14
2020-07-05,Тернопільська,32,32,38
2020-07-06,Тернопільська,7,7,16
2020-07-07,Тернопільська,34,34,92
2020-07-08,Тернопільська,11,11,90
2020-03-18,Харківська,0,0,1
2020-03-25,Харківська,0,0,1
2020-03-27,Харківська,1,1,0
2020-03-28,Харківська,0,0,2
2020-03-29,Харківська,0,0,0
2020-03-30,Харківська,0,0,4
2020-03-31,Харківська,2,2,2
2020-04-01,Харківська,0,0,4
2020-04-02,Харківська,0,0,8
2020-04-03,Харківська,1,1,10
2020-04-04,Харківська,0,0,1
2020-04-05,Харківська,0,0,0
2020-04-06,Харківська,1,1,1
2020-04-07,Харківська,0,0,6
2020-04-08,Харківська,0,0,3
2020-04-09,Харківська,1,1,3
2020-04-10,Харківська,2,2,10
2020-04-11,Харківська,3,3,3
2020-04-12,Харківська,0,0,1
2020-04-13,Харківська,3,3,10
2020-04-14,Харківська,16,16,14
2020-04-15,Харківська,10,10,16
2020-04-16,Харківська,17,17,23
2020-04-17,Харківська,9,9,43
2020-04-18,Харківська,1,1,17
2020-04-19,Харківська,10,10,31
2020-04-20,Харківська,0,0,14
2020-04-21,Харківська,8,8,13
2020-04-22,Харківська,17,17,21
2020-04-23,Харківська,17,17,25
2020-04-24,Харківська,7,7,30
2020-04-25,Харківська,21,21,42
2020-04-26,Харківська,49,49,48
2020-04-27,Харківська,25,25,39
2020-04-28,Харківська,16,16,38
2020-04-29,Харківська,12,12,31
2020-04-30,Харківська,27,27,49
2020-05-01,Харківська,41,41,24
2020-05-02,Харківська,27,27,51
2020-05-03,Харківська,12,12,28
2020-05-04,Харківська,23,23,28
2020-05-05,Харківська,41,41,65
2020-05-06,Харківська,37,37,35
2020-05-07,Харківська,32,32,42
2020-05-08,Харківська,50,50,64
2020-05-09,Харківська,40,40,52
2020-05-10,Харківська,25,25,51
2020-05-11,Харківська,26,26,38
2020-05-12,Харківська,48,48,46
2020-05-13,Харківська,38,38,55
2020-05-14,Харківська,44,44,56
2020-05-15,Харківська,16,16,27
2020-05-16,Харківська,13,13,36
2020-05-17,Харківська,2,2,18
2020-05-18,Харківська,26,26,33
2020-05-19,Харківська,20,20,46
2020-05-20,Харківська,16,16,41
2020-05-21,Харківська,14,14,24
2020-05-22,Харківська,30,30,49
2020-05-23,Харківська,16,16,35
2020-05-24,Харківська,2,2,30
2020-05-25,Харківська,32,32,50
2020-05-26,Харківська,15,15,26
2020-05-27,Харківська,22,22,40
2020-05-28,Харківська,28,28,52
2020-05-29,Харківська,31,31,54
2020-05-30,Харківська,25,25,40
2020-05-31,Харківська,16,16,23
2020-06-01,Харківська,21,21,42
2020-06-02,Харківська,26,26,28
2020-06-03,Харківська,34,34,62
2020-06-04,Харківська,29,29,55
2020-06-05,Харківська,28,28,55
2020-06-06,Харківська,30,30,22
2020-06-07,Харківська,35,35,61
2020-06-08,Харківська,17,17,18
2020-06-09,Харківська,30,30,42
2020-06-10,Харківська,34,34,58
2020-06-11,Харківська,52,52,55
2020-06-12,Харківська,53,53,74
2020-06-13,Харківська,39,39,79
2020-06-14,Харківська,24,24,43
2020-06-15,Харківська,54,54,87
2020-06-16,Харківська,68,68,91
2020-06-17,Харківська,47,47,74
2020-06-18,Харківська,38,38,38
2020-06-19,Харківська,30,30,58
2020-06-20,Харківська,27,27,57
2020-06-21,Харківська,6,6,14
2020-06-22,Харківська,48,48,59
2020-06-23,Харківська,33,33,66
2020-06-24,Харківська,53,53,59
2020-06-25,Харківська,45,45,75
2020-06-26,Харківська,59,59,99
2020-06-27,Харківська,42,42,54
2020-06-28,Харківська,10,10,27
2020-06-29,Харківська,51,51,40
2020-06-30,Харківська,35,35,64
2020-07-01,Харківська,42,42,63
2020-07-02,Харківська,58,58,76
2020-07-03,Харківська,40,40,63
2020-07-04,Харківська,39,39,39
2020-07-05,Харківська,17,17,14
2020-07-06,Харківська,57,57,59
2020-07-07,Харківська,52,52,91
2020-07-08,Харківська,34,37,63
2020-03-04,Херсонська,0,0,1
2020-03-16,Херсонська,0,0,1
2020-03-17,Херсонська,0,0,1
2020-03-18,Херсонська,0,0,1
2020-03-19,Херсонська,0,0,1
2020-03-20,Херсонська,0,0,2
2020-03-21,Херсонська,0,0,2
2020-03-23,Херсонська,0,0,6
2020-03-25,Херсонська,1,1,1
2020-03-26,Херсонська,0,0,0
2020-03-27,Херсонська,0,0,10
2020-03-28,Херсонська,0,0,1
2020-03-29,Херсонська,0,0,1
2020-03-30,Херсонська,0,0,9
2020-03-31,Херсонська,0,0,3
2020-04-01,Херсонська,3,3,8
2020-04-02,Херсонська,0,0,5
2020-04-03,Херсонська,4,4,12
2020-04-04,Херсонська,2,2,7
2020-04-05,Херсонська,0,0,0
2020-04-06,Херсонська,3,3,5
2020-04-07,Херсонська,2,2,5
2020-04-08,Херсонська,3,3,10
2020-04-09,Херсонська,9,9,12
2020-04-10,Херсонська,1,1,7
2020-04-11,Херсонська,3,3,7
2020-04-12,Херсонська,0,0,0
2020-04-13,Херсонська,2,2,13
2020-04-14,Херсонська,7,7,9
2020-04-15,Херсонська,3,3,8
2020-04-16,Херсонська,7,7,10
2020-04-17,Херсонська,5,5,10
2020-04-18,Херсонська,7,7,12
2020-04-19,Херсонська,0,0,0
2020-04-20,Херсонська,7,7,8
2020-04-21,Херсонська,2,2,6
2020-04-22,Херсонська,6,6,8
2020-04-23,Херсонська,0,0,4
2020-04-24,Херсонська,2,2,4
2020-04-25,Херсонська,8,8,8
2020-04-26,Херсонська,1,1,0
2020-04-27,Херсонська,0,0,5
2020-04-28,Херсонська,23,23,24
2020-04-29,Херсонська,0,0,3
2020-04-30,Херсонська,9,9,12
2020-05-01,Херсонська,1,1,3
2020-05-02,Херсонська,17,17,16
2020-05-03,Херсонська,1,1,1
2020-05-04,Херсонська,3,3,10
2020-05-05,Херсонська,1,1,3
2020-05-06,Херсонська,3,3,4
2020-05-07,Херсонська,3,3,2
2020-05-08,Херсонська,7,7,8
2020-05-09,Херсонська,3,3,4
2020-05-10,Херсонська,2,2,3
2020-05-11,Херсонська,1,1,1
2020-05-12,Херсонська,3,3,10
2020-05-13,Херсонська,0,0,4
2020-05-14,Херсонська,2,2,3
2020-05-15,Херсонська,0,0,2
2020-05-16,Херсонська,1,1,0
2020-05-17,Херсонська,0,0,3
2020-05-18,Херсонська,0,0,3
2020-05-19,Херсонська,4,4,13
2020-05-20,Херсонська,0,0,4
2020-05-21,Херсонська,0,0,1
2020-05-22,Херсонська,4,4,5
2020-05-23,Херсонська,0,0,3
2020-05-24,Херсонська,0,0,0
2020-05-25,Херсонська,1,1,0
2020-05-26,Херсонська,0,0,1
2020-05-27,Херсонська,0,0,2
2020-05-28,Херсонська,0,0,1
2020-05-29,Херсонська,1,1,1
2020-05-30,Херсонська,0,0,1
2020-05-31,Херсонська,0,0,0
2020-06-01,Херсонська,0,0,2
2020-06-02,Херсонська,0,0,7
2020-06-03,Херсонська,0,0,0
2020-06-04,Херсонська,0,0,2
2020-06-05,Херсонська,0,0,0
2020-06-06,Херсонська,0,0,0
2020-06-07,Херсонська,0,0,0
2020-06-08,Херсонська,0,0,1
2020-06-09,Херсонська,0,0,4
2020-06-10,Херсонська,0,0,2
2020-06-11,Херсонська,0,0,2
2020-06-12,Херсонська,0,0,3
2020-06-13,Херсонська,1,1,0
2020-06-14,Херсонська,3,3,4
2020-06-15,Херсонська,0,0,1
2020-06-16,Херсонська,0,0,8
2020-06-17,Херсонська,0,0,3
2020-06-18,Херсонська,2,2,5
2020-06-19,Херсонська,1,1,5
2020-06-20,Херсонська,0,0,2
2020-06-21,Херсонська,2,2,2
2020-06-22,Херсонська,0,0,5
2020-06-23,Херсонська,0,0,1
2020-06-24,Херсонська,0,0,4
2020-06-25,Херсонська,2,2,6
2020-06-26,Херсонська,1,1,1
2020-06-27,Херсонська,0,0,2
2020-06-28,Херсонська,0,0,0
2020-06-29,Херсонська,0,0,0
2020-06-30,Херсонська,2,2,5
2020-07-01,Херсонська,2,2,2
2020-07-02,Херсонська,1,1,3
2020-07-03,Херсонська,1,1,0
2020-07-04,Херсонська,0,0,0
2020-07-05,Херсонська,0,0,0
2020-07-06,Херсонська,0,0,1
2020-07-07,Херсонська,5,5,6
2020-07-08,Херсонська,0,0,4
2020-02-27,Хмельницька,0,0,1
2020-03-05,Хмельницька,0,0,1
2020-03-08,Хмельницька,0,0,1
2020-03-13,Хмельницька,1,1,0
2020-03-14,Хмельницька,0,0,2
2020-03-15,Хмельницька,0,0,0
2020-03-16,Хмельницька,0,0,0
2020-03-17,Хмельницька,0,0,0
2020-03-18,Хмельницька,0,0,1
2020-03-19,Хмельницька,0,0,0
2020-03-20,Хмельницька,0,0,3
2020-03-21,Хмельницька,0,0,0
2020-03-22,Хмельницька,0,0,1
2020-03-23,Хмельницька,0,0,1
2020-03-24,Хмельницька,0,0,1
2020-03-25,Хмельницька,0,0,3
2020-03-26,Хмельницька,0,0,0
2020-03-27,Хмельницька,1,1,4
2020-03-28,Хмельницька,1,1,0
2020-03-29,Хмельницька,0,0,2
2020-03-30,Хмельницька,1,1,2
2020-03-31,Хмельницька,2,2,6
2020-04-01,Хмельницька,2,2,8
2020-04-02,Хмельницька,3,3,3
2020-04-03,Хмельницька,0,0,5
2020-04-04,Хмельницька,0,0,4
2020-04-05,Хмельницька,0,0,2
2020-04-06,Хмельницька,5,5,2
2020-04-07,Хмельницька,0,0,6
2020-04-08,Хмельницька,0,0,8
2020-04-09,Хмельницька,2,2,10
2020-04-10,Хмельницька,4,4,8
2020-04-11,Хмельницька,0,0,4
2020-04-12,Хмельницька,1,1,5
2020-04-13,Хмельницька,11,11,5
2020-04-14,Хмельницька,1,1,14
2020-04-15,Хмельницька,3,3,6
2020-04-16,Хмельницька,1,1,3
2020-04-17,Хмельницька,6,6,15
2020-04-18,Хмельницька,4,4,4
2020-04-19,Хмельницька,0,0,1
2020-04-20,Хмельницька,3,3,3
2020-04-21,Хмельницька,9,9,10
2020-04-22,Хмельницька,3,3,10
2020-04-23,Хмельницька,2,2,8
2020-04-24,Хмельницька,1,1,4
2020-04-25,Хмельницька,4,4,9
2020-04-26,Хмельницька,1,1,6
2020-04-27,Хмельницька,9,9,6
2020-04-28,Хмельницька,1,1,10
2020-04-29,Хмельницька,0,0,12
2020-04-30,Хмельницька,11,11,14
2020-05-01,Хмельницька,6,6,8
2020-05-02,Хмельницька,16,16,12
2020-05-03,Хмельницька,0,0,4
2020-05-04,Хмельницька,16,16,8
2020-05-05,Хмельницька,6,6,18
2020-05-06,Хмельницька,5,5,8
2020-05-07,Хмельницька,21,21,10
2020-05-08,Хмельницька,5,5,23
2020-05-09,Хмельницька,9,9,13
2020-05-10,Хмельницька,0,0,7
2020-05-11,Хмельницька,16,16,1
2020-05-12,Хмельницька,18,18,16
2020-05-13,Хмельницька,9,9,17
2020-05-14,Хмельницька,4,4,13
2020-05-15,Хмельницька,26,26,13
2020-05-16,Хмельницька,10,10,23
2020-05-17,Хмельницька,0,0,14
2020-05-18,Хмельницька,10,10,4
2020-05-19,Хмельницька,8,8,13
2020-05-20,Хмельницька,6,6,20
2020-05-21,Хмельницька,24,24,8
2020-05-22,Хмельницька,15,15,38
2020-05-23,Хмельницька,18,18,17
2020-05-24,Хмельницька,0,0,25
2020-05-25,Хмельницька,14,14,14
2020-05-26,Хмельницька,10,10,22
2020-05-27,Хмельницька,25,25,19
2020-05-28,Хмельницька,33,33,29
2020-05-29,Хмельницька,11,11,19
2020-05-30,Хмельницька,9,9,16
2020-05-31,Хмельницька,0,0,5
2020-06-01,Хмельницька,3,3,24
2020-06-02,Хмельницька,31,31,17
2020-06-03,Хмельницька,12,12,34
2020-06-04,Хмельницька,4,4,13
2020-06-05,Хмельницька,14,14,19
2020-06-06,Хмельницька,0,0,3
2020-06-07,Хмельницька,0,0,3
2020-06-08,Хмельницька,1,1,2
2020-06-09,Хмельницька,1,1,21
2020-06-10,Хмельницька,6,6,14
2020-06-11,Хмельницька,17,17,18
2020-06-12,Хмельницька,14,14,25
2020-06-13,Хмельницька,7,7,11
2020-06-14,Хмельницька,4,4,4
2020-06-15,Хмельницька,8,8,19
2020-06-16,Хмельницька,18,18,15
2020-06-17,Хмельницька,20,20,27
2020-06-18,Хмельницька,5,5,26
2020-06-19,Хмельницька,10,10,10
2020-06-20,Хмельницька,1,1,11
2020-06-21,Хмельницька,0,0,3
2020-06-22,Хмельницька,3,3,19
2020-06-23,Хмельницька,10,10,22
2020-06-24,Хмельницька,31,31,19
2020-06-25,Хмельницька,64,65,88
2020-06-26,Хмельницька,61,62,67
2020-06-27,Хмельницька,10,10,9
2020-06-28,Хмельницька,0,0,11
2020-06-29,Хмельницька,4,4,8
2020-06-30,Хмельницька,5,5,12
2020-07-01,Хмельницька,12,12,12
2020-07-02,Хмельницька,3,3,24
2020-07-03,Хмельницька,14,14,29
2020-07-04,Хмельницька,5,5,13
2020-07-05,Хмельницька,0,0,10
2020-07-06,Хмельницька,17,17,18
2020-07-07,Хмельницька,7,7,27
2020-07-08,Хмельницька,0,0,14
2020-03-08,Черкаська,0,0,0
2020-03-13,Черкаська,0,0,2
2020-03-14,Черкаська,0,0,2
2020-03-16,Черкаська,0,0,1
2020-03-17,Черкаська,0,0,2
2020-03-18,Черкаська,0,0,1
2020-03-19,Черкаська,0,0,1
2020-03-20,Черкаська,0,0,7
2020-03-21,Черкаська,0,0,5
2020-03-22,Черкаська,1,1,3
2020-03-23,Черкаська,0,0,4
2020-03-24,Черкаська,0,0,2
2020-03-25,Черкаська,1,1,2
2020-03-26,Черкаська,0,0,7
2020-03-27,Черкаська,1,1,19
2020-03-28,Черкаська,32,32,26
2020-03-29,Черкаська,15,15,17
2020-03-30,Черкаська,1,1,40
2020-03-31,Черкаська,1,1,9
2020-04-01,Черкаська,0,0,9
2020-04-02,Черкаська,2,2,8
2020-04-03,Черкаська,2,2,39
2020-04-04,Черкаська,4,4,9
2020-04-05,Черкаська,3,3,3
2020-04-06,Черкаська,14,14,30
2020-04-07,Черкаська,3,3,10
2020-04-08,Черкаська,0,0,19
2020-04-09,Черкаська,6,6,17
2020-04-10,Черкаська,9,9,22
2020-04-11,Черкаська,4,4,5
2020-04-12,Черкаська,3,3,6
2020-04-13,Черкаська,4,4,18
2020-04-14,Черкаська,5,5,18
2020-04-15,Черкаська,13,13,19
2020-04-16,Черкаська,18,18,42
2020-04-17,Черкаська,1,1,9
2020-04-18,Черкаська,16,16,15
2020-04-19,Черкаська,16,16,18
2020-04-20,Черкаська,11,11,14
2020-04-21,Черкаська,20,20,29
2020-04-22,Черкаська,14,14,38
2020-04-23,Черкаська,13,13,33
2020-04-24,Черкаська,18,18,42
2020-04-25,Черкаська,7,7,14
2020-04-26,Черкаська,9,9,12
2020-04-27,Черкаська,9,9,39
2020-04-28,Черкаська,15,15,47
2020-04-29,Черкаська,1,1,32
2020-04-30,Черкаська,6,6,25
2020-05-01,Черкаська,11,11,17
2020-05-02,Черкаська,0,0,4
2020-05-03,Черкаська,5,5,11
2020-05-04,Черкаська,4,4,27
2020-05-05,Черкаська,2,2,13
2020-05-06,Черкаська,13,13,37
2020-05-07,Черкаська,3,3,19
2020-05-08,Черкаська,0,0,17
2020-05-09,Черкаська,5,5,14
2020-05-10,Черкаська,2,2,1
2020-05-11,Черкаська,2,2,5
2020-05-12,Черкаська,1,1,29
2020-05-13,Черкаська,2,2,25
2020-05-14,Черкаська,2,2,28
2020-05-15,Черкаська,13,13,34
2020-05-16,Черкаська,9,9,10
2020-05-17,Черкаська,2,2,11
2020-05-18,Черкаська,2,2,40
2020-05-19,Черкаська,6,6,37
2020-05-20,Черкаська,0,0,0
2020-05-21,Черкаська,0,0,21
2020-05-22,Черкаська,3,3,16
2020-05-23,Черкаська,3,3,17
2020-05-24,Черкаська,2,2,6
2020-05-25,Черкаська,0,0,29
2020-05-26,Черкаська,0,0,32
2020-05-27,Черкаська,8,8,29
2020-05-28,Черкаська,1,1,27
2020-05-29,Черкаська,5,5,27
2020-05-30,Черкаська,2,2,5
2020-05-31,Черкаська,2,2,7
2020-06-01,Черкаська,4,4,25
2020-06-02,Черкаська,4,4,28
2020-06-03,Черкаська,12,12,28
2020-06-04,Черкаська,4,4,28
2020-06-05,Черкаська,18,18,28
2020-06-06,Черкаська,11,11,18
2020-06-07,Черкаська,10,10,13
2020-06-08,Черкаська,18,18,28
2020-06-09,Черкаська,12,12,17
2020-06-10,Черкаська,4,4,54
2020-06-11,Черкаська,14,14,33
2020-06-12,Черкаська,18,18,57
2020-06-13,Черкаська,7,7,9
2020-06-14,Черкаська,2,2,16
2020-06-15,Черкаська,11,11,17
2020-06-16,Черкаська,2,2,14
2020-06-17,Черкаська,4,4,19
2020-06-18,Черкаська,17,17,29
2020-06-19,Черкаська,7,7,27
2020-06-20,Черкаська,9,9,11
2020-06-21,Черкаська,1,1,6
2020-06-22,Черкаська,8,8,30
2020-06-23,Черкаська,7,7,24
2020-06-24,Черкаська,5,5,20
2020-06-25,Черкаська,8,8,27
2020-06-26,Черкаська,6,6,12
2020-06-27,Черкаська,7,7,18
2020-06-28,Черкаська,0,0,0
2020-06-29,Черкаська,2,2,3
2020-06-30,Черкаська,2,2,12
2020-07-01,Черкаська,0,0,20
2020-07-02,Черкаська,6,6,21
2020-07-03,Черкаська,7,7,21
2020-07-04,Черкаська,10,10,4
2020-07-05,Черкаська,1,1,11
2020-07-06,Черкаська,11,11,29
2020-07-07,Черкаська,19,19,26
2020-07-08,Черкаська,11,12,11
2020-02-12,Чернівецька,0,0,2
2020-02-25,Чернівецька,0,0,2
2020-02-29,Чернівецька,0,0,1
2020-03-02,Чернівецька,1,1,0
2020-03-03,Чернівецька,0,0,0
2020-03-04,Чернівецька,0,0,5
2020-03-05,Чернівецька,0,0,0
2020-03-06,Чернівецька,0,0,1
2020-03-07,Чернівецька,0,0,2
2020-03-08,Чернівецька,0,0,0
2020-03-09,Чернівецька,0,0,1
2020-03-10,Чернівецька,0,0,2
2020-03-11,Чернівецька,0,0,0
2020-03-12,Чернівецька,1,1,3
2020-03-13,Чернівецька,0,0,7
2020-03-14,Чернівецька,0,0,1
2020-03-15,Чернівецька,2,2,5
2020-03-16,Чернівецька,0,0,4
2020-03-17,Чернівецька,5,5,0
2020-03-18,Чернівецька,0,0,10
2020-03-19,Чернівецька,5,5,10
2020-03-20,Чернівецька,10,10,19
2020-03-21,Чернівецька,0,0,10
2020-03-22,Чернівецька,0,0,2
2020-03-23,Чернівецька,0,0,7
2020-03-24,Чернівецька,14,14,10
2020-03-25,Чернівецька,4,4,9
2020-03-26,Чернівецька,5,5,14
2020-03-27,Чернівецька,12,12,23
2020-03-28,Чернівецька,0,0,10
2020-03-29,Чернівецька,15,15,12
2020-03-30,Чернівецька,14,14,25
2020-03-31,Чернівецька,14,14,24
2020-04-01,Чернівецька,37,37,54
2020-04-02,Чернівецька,27,27,46
2020-04-03,Чернівецька,30,30,30
2020-04-04,Чернівецька,17,17,17
2020-04-05,Чернівецька,0,0,15
2020-04-06,Чернівецька,26,26,24
2020-04-07,Чернівецька,26,26,71
2020-04-08,Чернівецька,29,29,54
2020-04-09,Чернівецька,60,60,64
2020-04-10,Чернівецька,39,39,37
2020-04-11,Чернівецька,26,26,62
2020-04-12,Чернівецька,30,30,34
2020-04-13,Чернівецька,79,79,65
2020-04-14,Чернівецька,46,46,69
2020-04-15,Чернівецька,73,73,114
2020-04-16,Чернівецька,100,100,119
2020-04-17,Чернівецька,79,79,78
2020-04-18,Чернівецька,49,49,39
2020-04-19,Чернівецька,17,17,30
2020-04-20,Чернівецька,83,83,86
2020-04-21,Чернівецька,68,68,70
2020-04-22,Чернівецька,111,111,108
2020-04-23,Чернівецька,48,48,69
2020-04-24,Чернівецька,111,111,129
2020-04-25,Чернівецька,28,28,36
2020-04-26,Чернівецька,30,30,63
2020-04-27,Чернівецька,53,53,62
2020-04-28,Чернівецька,61,61,95
2020-04-29,Чернівецька,83,83,88
2020-04-30,Чернівецька,93,93,90
2020-05-01,Чернівецька,78,78,78
2020-05-02,Чернівецька,73,73,82
2020-05-03,Чернівецька,67,67,74
2020-05-04,Чернівецька,61,61,64
2020-05-05,Чернівецька,40,40,49
2020-05-06,Чернівецька,59,59,66
2020-05-07,Чернівецька,48,48,48
2020-05-08,Чернівецька,88,88,76
2020-05-09,Чернівецька,90,90,95
2020-05-10,Чернівецька,52,52,71
2020-05-11,Чернівецька,75,75,70
2020-05-12,Чернівецька,47,47,58
2020-05-13,Чернівецька,72,72,66
2020-05-14,Чернівецька,86,86,90
2020-05-15,Чернівецька,48,48,54
2020-05-16,Чернівецька,43,43,54
2020-05-17,Чернівецька,20,20,33
2020-05-18,Чернівецька,23,23,33
2020-05-19,Чернівецька,55,55,58
2020-05-20,Чернівецька,45,45,62
2020-05-21,Чернівецька,81,81,92
2020-05-22,Чернівецька,62,62,63
2020-05-23,Чернівецька,40,40,51
2020-05-24,Чернівецька,56,56,76
2020-05-25,Чернівецька,19,19,40
2020-05-26,Чернівецька,43,43,57
2020-05-27,Чернівецька,61,61,73
2020-05-28,Чернівецька,72,72,78
2020-05-29,Чернівецька,32,32,41
2020-05-30,Чернівецька,45,45,49
2020-05-31,Чернівецька,26,26,51
2020-06-01,Чернівецька,35,35,48
2020-06-02,Чернівецька,49,49,59
2020-06-03,Чернівецька,38,38,53
2020-06-04,Чернівецька,56,56,91
2020-06-05,Чернівецька,63,63,76
2020-06-06,Чернівецька,42,42,58
2020-06-07,Чернівецька,37,37,46
2020-06-08,Чернівецька,25,25,51
2020-06-09,Чернівецька,47,47,51
2020-06-10,Чернівецька,34,34,20
2020-06-11,Чернівецька,26,26,86
2020-06-12,Чернівецька,41,41,63
2020-06-13,Чернівецька,78,78,47
2020-06-14,Чернівецька,25,25,60
2020-06-15,Чернівецька,36,36,4
2020-06-16,Чернівецька,52,52,65
2020-06-17,Чернівецька,60,60,63
2020-06-18,Чернівецька,47,47,70
2020-06-19,Чернівецька,62,62,81
2020-06-20,Чернівецька,32,32,59
2020-06-21,Чернівецька,38,38,33
2020-06-22,Чернівецька,54,54,72
2020-06-23,Чернівецька,60,60,76
2020-06-24,Чернівецька,60,60,48
2020-06-25,Чернівецька,66,66,60
2020-06-26,Чернівецька,54,54,55
2020-06-27,Чернівецька,61,61,54
2020-06-28,Чернівецька,74,74,54
2020-06-29,Чернівецька,51,51,54
2020-06-30,Чернівецька,57,57,49
2020-07-01,Чернівецька,49,49,52
2020-07-02,Чернівецька,42,42,46
2020-07-03,Чернівецька,41,41,48
2020-07-04,Чернівецька,34,34,36
2020-07-05,Чернівецька,17,17,23
2020-07-06,Чернівецька,16,16,25
2020-07-07,Чернівецька,20,20,20
2020-07-08,Чернівецька,27,33,31
2020-03-19,Чернігівська,0,0,1
2020-03-26,Чернігівська,0,0,1
2020-03-27,Чернігівська,1,1,0
2020-03-28,Чернігівська,0,0,3
2020-03-29,Чернігівська,1,1,0
2020-03-30,Чернігівська,0,0,1
2020-03-31,Чернігівська,3,3,2
2020-04-01,Чернігівська,0,0,0
2020-04-02,Чернігівська,0,0,3
2020-04-03,Чернігівська,2,2,3
2020-04-04,Чернігівська,0,0,0
2020-04-05,Чернігівська,0,0,1
2020-04-06,Чернігівська,0,0,3
2020-04-07,Чернігівська,0,0,2
2020-04-08,Чернігівська,2,2,2
2020-04-09,Чернігівська,0,0,1
2020-04-10,Чернігівська,0,0,2
2020-04-11,Чернігівська,0,0,0
2020-04-12,Чернігівська,0,0,1
2020-04-13,Чернігівська,1,1,2
2020-04-14,Чернігівська,0,0,1
2020-04-15,Чернігівська,2,2,5
2020-04-16,Чернігівська,0,0,8
2020-04-17,Чернігівська,0,0,10
2020-04-18,Чернігівська,0,0,1
2020-04-19,Чернігівська,0,0,0
2020-04-20,Чернігівська,1,1,1
2020-04-21,Чернігівська,3,3,13
2020-04-22,Чернігівська,1,1,9
2020-04-23,Чернігівська,5,5,7
2020-04-24,Чернігівська,0,0,11
2020-04-25,Чернігівська,14,14,10
2020-04-26,Чернігівська,1,1,3
2020-04-27,Чернігівська,4,4,16
2020-04-28,Чернігівська,0,0,6
2020-04-29,Чернігівська,7,7,16
2020-04-30,Чернігівська,2,2,9
2020-05-01,Чернігівська,1,1,3
2020-05-02,Чернігівська,3,3,6
2020-05-03,Чернігівська,9,9,11
2020-05-04,Чернігівська,2,2,7
2020-05-05,Чернігівська,0,0,10
2020-05-06,Чернігівська,3,3,11
2020-05-07,Чернігівська,2,2,7
2020-05-08,Чернігівська,3,3,8
2020-05-09,Чернігівська,2,2,4
2020-05-10,Чернігівська,2,2,3
2020-05-11,Чернігівська,2,2,7
2020-05-12,Чернігівська,1,1,5
2020-05-13,Чернігівська,4,4,9
2020-05-14,Чернігівська,11,11,13
2020-05-15,Чернігівська,12,12,19
2020-05-16,Чернігівська,0,0,8
2020-05-17,Чернігівська,0,0,2
2020-05-18,Чернігівська,4,4,8
2020-05-19,Чернігівська,2,2,8
2020-05-20,Чернігівська,3,3,6
2020-05-21,Чернігівська,2,2,5
2020-05-22,Чернігівська,7,7,12
2020-05-23,Чернігівська,3,3,2
2020-05-24,Чернігівська,2,2,2
2020-05-25,Чернігівська,2,2,9
2020-05-26,Чернігівська,4,4,6
2020-05-27,Чернігівська,4,4,12
2020-05-28,Чернігівська,13,13,12
2020-05-29,Чернігівська,11,11,12
2020-05-30,Чернігівська,10,10,8
2020-05-31,Чернігівська,12,12,9
2020-06-01,Чернігівська,20,20,14
2020-06-02,Чернігівська,20,20,15
2020-06-03,Чернігівська,28,28,38
2020-06-04,Чернігівська,2,2,13
2020-06-05,Чернігівська,4,4,9
2020-06-06,Чернігівська,19,19,22
2020-06-07,Чернігівська,20,20,21
2020-06-08,Чернігівська,5,5,6
2020-06-09,Чернігівська,16,16,17
2020-06-10,Чернігівська,20,20,21
2020-06-11,Чернігівська,24,24,25
2020-06-12,Чернігівська,18,18,23
2020-06-13,Чернігівська,25,25,25
2020-06-14,Чернігівська,14,14,14
2020-06-15,Чернігівська,3,3,7
2020-06-16,Чернігівська,12,12,17
2020-06-17,Чернігівська,8,8,8
2020-06-18,Чернігівська,12,12,14
2020-06-19,Чернігівська,8,8,15
2020-06-20,Чернігівська,8,8,8
2020-06-21,Чернігівська,5,5,5
2020-06-22,Чернігівська,5,5,9
2020-06-23,Чернігівська,12,12,13
2020-06-24,Чернігівська,13,13,18
2020-06-25,Чернігівська,8,8,11
2020-06-26,Чернігівська,5,5,5
2020-06-27,Чернігівська,7,7,7
2020-06-28,Чернігівська,10,10,10
2020-06-29,Чернігівська,1,1,8
2020-06-30,Чернігівська,3,3,3
2020-07-01,Чернігівська,8,8,12
2020-07-02,Чернігівська,7,7,7
2020-07-03,Чернігівська,6,6,10
2020-07-04,Чернігівська,12,12,9
2020-07-05,Чернігівська,3,3,3
2020-07-06,Чернігівська,0,0,2
2020-07-07,Чернігівська,2,2,2
2020-07-08,Чернігівська,6,6,7
